file_name,speaker,label
8_lucas_9.wav,lucas,8
0_theo_17.wav,theo,0
1_theo_13.wav,theo,1
1_george_12.wav,george,1
5_jackson_14.wav,jackson,5
5_jackson_36.wav,jackson,5
6_george_8.wav,george,6
7_jackson_36.wav,jackson,7
6_theo_5.wav,theo,6
0_yweweler_37.wav,yweweler,0
4_nicolas_47.wav,nicolas,4
7_yweweler_20.wav,yweweler,7
8_jackson_38.wav,jackson,8
6_yweweler_21.wav,yweweler,6
4_jackson_27.wav,jackson,4
0_nicolas_19.wav,nicolas,0
7_jackson_28.wav,jackson,7
3_theo_2.wav,theo,3
0_george_21.wav,george,0
9_jackson_36.wav,jackson,9
2_yweweler_16.wav,yweweler,2
0_yweweler_15.wav,yweweler,0
7_lucas_28.wav,lucas,7
8_theo_34.wav,theo,8
8_yweweler_23.wav,yweweler,8
1_yweweler_14.wav,yweweler,1
4_lucas_11.wav,lucas,4
3_jackson_42.wav,jackson,3
4_george_2.wav,george,4
8_lucas_29.wav,lucas,8
9_nicolas_21.wav,nicolas,9
9_theo_9.wav,theo,9
4_theo_47.wav,theo,4
9_george_31.wav,george,9
1_george_17.wav,george,1
5_lucas_46.wav,lucas,5
1_george_20.wav,george,1
6_yweweler_23.wav,yweweler,6
1_theo_36.wav,theo,1
5_jackson_29.wav,jackson,5
3_jackson_30.wav,jackson,3
7_theo_21.wav,theo,7
2_nicolas_13.wav,nicolas,2
2_lucas_26.wav,lucas,2
0_yweweler_19.wav,yweweler,0
4_george_38.wav,george,4
5_jackson_46.wav,jackson,5
7_george_14.wav,george,7
8_nicolas_33.wav,nicolas,8
5_nicolas_21.wav,nicolas,5
6_george_17.wav,george,6
9_yweweler_2.wav,yweweler,9
6_george_18.wav,george,6
5_lucas_15.wav,lucas,5
7_nicolas_43.wav,nicolas,7
8_nicolas_30.wav,nicolas,8
5_george_40.wav,george,5
2_yweweler_15.wav,yweweler,2
9_lucas_34.wav,lucas,9
3_jackson_8.wav,jackson,3
4_yweweler_2.wav,yweweler,4
8_theo_20.wav,theo,8
6_lucas_29.wav,lucas,6
3_theo_32.wav,theo,3
6_george_1.wav,george,6
0_lucas_29.wav,lucas,0
2_george_3.wav,george,2
0_lucas_28.wav,lucas,0
6_nicolas_34.wav,nicolas,6
7_yweweler_30.wav,yweweler,7
6_lucas_37.wav,lucas,6
6_nicolas_8.wav,nicolas,6
2_yweweler_44.wav,yweweler,2
0_yweweler_12.wav,yweweler,0
7_jackson_43.wav,jackson,7
0_nicolas_32.wav,nicolas,0
3_nicolas_35.wav,nicolas,3
2_lucas_11.wav,lucas,2
6_yweweler_13.wav,yweweler,6
9_nicolas_8.wav,nicolas,9
2_nicolas_3.wav,nicolas,2
7_george_36.wav,george,7
1_jackson_4.wav,jackson,1
1_jackson_38.wav,jackson,1
8_yweweler_35.wav,yweweler,8
4_nicolas_16.wav,nicolas,4
5_theo_39.wav,theo,5
2_theo_7.wav,theo,2
2_lucas_4.wav,lucas,2
3_yweweler_27.wav,yweweler,3
1_yweweler_23.wav,yweweler,1
9_lucas_38.wav,lucas,9
6_nicolas_28.wav,nicolas,6
7_nicolas_4.wav,nicolas,7
5_jackson_10.wav,jackson,5
7_lucas_47.wav,lucas,7
6_yweweler_46.wav,yweweler,6
7_yweweler_37.wav,yweweler,7
7_george_40.wav,george,7
3_lucas_18.wav,lucas,3
6_nicolas_31.wav,nicolas,6
5_george_16.wav,george,5
5_lucas_1.wav,lucas,5
4_yweweler_26.wav,yweweler,4
5_george_32.wav,george,5
4_george_9.wav,george,4
0_theo_44.wav,theo,0
4_theo_10.wav,theo,4
7_lucas_48.wav,lucas,7
2_theo_6.wav,theo,2
1_george_21.wav,george,1
2_nicolas_25.wav,nicolas,2
3_lucas_35.wav,lucas,3
8_lucas_27.wav,lucas,8
6_lucas_5.wav,lucas,6
8_nicolas_13.wav,nicolas,8
3_nicolas_3.wav,nicolas,3
2_jackson_17.wav,jackson,2
3_jackson_1.wav,jackson,3
9_lucas_48.wav,lucas,9
0_jackson_2.wav,jackson,0
1_theo_20.wav,theo,1
3_george_44.wav,george,3
4_george_47.wav,george,4
6_lucas_49.wav,lucas,6
2_george_23.wav,george,2
2_george_15.wav,george,2
9_lucas_13.wav,lucas,9
2_yweweler_32.wav,yweweler,2
0_lucas_4.wav,lucas,0
8_theo_5.wav,theo,8
5_yweweler_0.wav,yweweler,5
1_theo_29.wav,theo,1
3_lucas_47.wav,lucas,3
5_nicolas_14.wav,nicolas,5
7_jackson_9.wav,jackson,7
0_theo_36.wav,theo,0
9_lucas_32.wav,lucas,9
3_theo_20.wav,theo,3
1_nicolas_15.wav,nicolas,1
3_yweweler_33.wav,yweweler,3
3_yweweler_39.wav,yweweler,3
9_yweweler_13.wav,yweweler,9
4_jackson_14.wav,jackson,4
0_yweweler_9.wav,yweweler,0
1_nicolas_11.wav,nicolas,1
5_jackson_16.wav,jackson,5
2_nicolas_35.wav,nicolas,2
4_lucas_25.wav,lucas,4
9_yweweler_47.wav,yweweler,9
6_theo_30.wav,theo,6
0_yweweler_23.wav,yweweler,0
1_jackson_28.wav,jackson,1
1_yweweler_30.wav,yweweler,1
3_lucas_29.wav,lucas,3
6_lucas_23.wav,lucas,6
2_nicolas_6.wav,nicolas,2
9_yweweler_4.wav,yweweler,9
4_lucas_23.wav,lucas,4
8_lucas_2.wav,lucas,8
0_george_29.wav,george,0
5_nicolas_23.wav,nicolas,5
0_george_11.wav,george,0
4_jackson_16.wav,jackson,4
4_lucas_28.wav,lucas,4
7_nicolas_7.wav,nicolas,7
5_lucas_41.wav,lucas,5
3_jackson_0.wav,jackson,3
1_lucas_2.wav,lucas,1
0_theo_32.wav,theo,0
5_george_36.wav,george,5
0_jackson_29.wav,jackson,0
3_yweweler_20.wav,yweweler,3
1_yweweler_46.wav,yweweler,1
3_nicolas_20.wav,nicolas,3
6_jackson_12.wav,jackson,6
1_george_37.wav,george,1
9_theo_7.wav,theo,9
2_lucas_43.wav,lucas,2
7_lucas_39.wav,lucas,7
9_lucas_47.wav,lucas,9
3_nicolas_29.wav,nicolas,3
8_george_12.wav,george,8
2_george_48.wav,george,2
0_yweweler_35.wav,yweweler,0
8_theo_16.wav,theo,8
3_george_17.wav,george,3
1_yweweler_35.wav,yweweler,1
4_george_22.wav,george,4
1_george_10.wav,george,1
0_george_37.wav,george,0
0_theo_14.wav,theo,0
8_theo_43.wav,theo,8
2_theo_10.wav,theo,2
7_george_21.wav,george,7
3_theo_12.wav,theo,3
0_nicolas_38.wav,nicolas,0
0_jackson_35.wav,jackson,0
4_jackson_2.wav,jackson,4
3_yweweler_5.wav,yweweler,3
8_yweweler_8.wav,yweweler,8
1_nicolas_12.wav,nicolas,1
2_jackson_25.wav,jackson,2
3_george_48.wav,george,3
4_jackson_6.wav,jackson,4
5_jackson_44.wav,jackson,5
6_yweweler_10.wav,yweweler,6
3_nicolas_24.wav,nicolas,3
4_nicolas_13.wav,nicolas,4
0_lucas_46.wav,lucas,0
8_nicolas_26.wav,nicolas,8
0_yweweler_16.wav,yweweler,0
3_yweweler_17.wav,yweweler,3
7_george_29.wav,george,7
7_jackson_21.wav,jackson,7
4_jackson_19.wav,jackson,4
0_jackson_40.wav,jackson,0
8_jackson_31.wav,jackson,8
2_theo_17.wav,theo,2
1_lucas_26.wav,lucas,1
0_george_15.wav,george,0
5_yweweler_1.wav,yweweler,5
2_theo_20.wav,theo,2
5_george_2.wav,george,5
9_theo_22.wav,theo,9
1_george_9.wav,george,1
4_george_32.wav,george,4
6_nicolas_37.wav,nicolas,6
7_george_24.wav,george,7
2_nicolas_12.wav,nicolas,2
3_nicolas_38.wav,nicolas,3
6_yweweler_32.wav,yweweler,6
1_lucas_7.wav,lucas,1
8_theo_38.wav,theo,8
7_yweweler_23.wav,yweweler,7
5_theo_48.wav,theo,5
5_theo_15.wav,theo,5
9_yweweler_40.wav,yweweler,9
2_george_17.wav,george,2
8_nicolas_2.wav,nicolas,8
5_jackson_21.wav,jackson,5
3_lucas_36.wav,lucas,3
9_yweweler_32.wav,yweweler,9
3_george_25.wav,george,3
3_yweweler_0.wav,yweweler,3
1_theo_15.wav,theo,1
2_nicolas_9.wav,nicolas,2
9_lucas_5.wav,lucas,9
5_nicolas_31.wav,nicolas,5
7_yweweler_19.wav,yweweler,7
6_george_37.wav,george,6
6_yweweler_16.wav,yweweler,6
5_theo_27.wav,theo,5
5_jackson_40.wav,jackson,5
0_theo_12.wav,theo,0
0_george_42.wav,george,0
2_jackson_20.wav,jackson,2
4_george_6.wav,george,4
8_yweweler_15.wav,yweweler,8
0_lucas_17.wav,lucas,0
1_yweweler_31.wav,yweweler,1
3_george_22.wav,george,3
7_yweweler_12.wav,yweweler,7
4_george_10.wav,george,4
5_lucas_0.wav,lucas,5
3_george_26.wav,george,3
3_lucas_38.wav,lucas,3
5_jackson_24.wav,jackson,5
7_yweweler_24.wav,yweweler,7
3_nicolas_33.wav,nicolas,3
6_yweweler_35.wav,yweweler,6
2_lucas_14.wav,lucas,2
2_nicolas_41.wav,nicolas,2
6_george_11.wav,george,6
0_lucas_14.wav,lucas,0
2_nicolas_19.wav,nicolas,2
7_nicolas_10.wav,nicolas,7
5_lucas_23.wav,lucas,5
6_nicolas_1.wav,nicolas,6
9_theo_0.wav,theo,9
4_nicolas_32.wav,nicolas,4
1_nicolas_1.wav,nicolas,1
1_theo_24.wav,theo,1
1_nicolas_34.wav,nicolas,1
8_theo_6.wav,theo,8
5_george_42.wav,george,5
6_theo_32.wav,theo,6
2_lucas_17.wav,lucas,2
6_nicolas_16.wav,nicolas,6
7_lucas_5.wav,lucas,7
9_george_42.wav,george,9
9_lucas_15.wav,lucas,9
1_lucas_45.wav,lucas,1
1_yweweler_16.wav,yweweler,1
0_nicolas_29.wav,nicolas,0
0_theo_19.wav,theo,0
9_nicolas_42.wav,nicolas,9
3_george_42.wav,george,3
0_george_7.wav,george,0
5_yweweler_47.wav,yweweler,5
8_lucas_0.wav,lucas,8
4_yweweler_31.wav,yweweler,4
1_lucas_10.wav,lucas,1
7_theo_35.wav,theo,7
5_theo_26.wav,theo,5
5_lucas_10.wav,lucas,5
3_george_39.wav,george,3
1_lucas_6.wav,lucas,1
1_george_45.wav,george,1
3_george_8.wav,george,3
2_lucas_22.wav,lucas,2
4_yweweler_3.wav,yweweler,4
1_lucas_19.wav,lucas,1
3_theo_49.wav,theo,3
5_jackson_42.wav,jackson,5
5_jackson_3.wav,jackson,5
2_jackson_4.wav,jackson,2
0_yweweler_48.wav,yweweler,0
6_nicolas_38.wav,nicolas,6
6_jackson_14.wav,jackson,6
6_theo_44.wav,theo,6
6_jackson_15.wav,jackson,6
2_lucas_18.wav,lucas,2
8_nicolas_38.wav,nicolas,8
1_jackson_23.wav,jackson,1
1_theo_2.wav,theo,1
2_yweweler_20.wav,yweweler,2
8_theo_13.wav,theo,8
8_yweweler_1.wav,yweweler,8
6_theo_46.wav,theo,6
7_jackson_0.wav,jackson,7
9_lucas_43.wav,lucas,9
4_theo_32.wav,theo,4
7_george_31.wav,george,7
3_jackson_24.wav,jackson,3
8_theo_47.wav,theo,8
3_george_32.wav,george,3
7_theo_11.wav,theo,7
3_lucas_27.wav,lucas,3
7_jackson_20.wav,jackson,7
3_jackson_22.wav,jackson,3
2_lucas_15.wav,lucas,2
7_jackson_12.wav,jackson,7
9_jackson_33.wav,jackson,9
2_theo_32.wav,theo,2
0_lucas_1.wav,lucas,0
3_nicolas_14.wav,nicolas,3
7_theo_22.wav,theo,7
5_lucas_7.wav,lucas,5
0_george_18.wav,george,0
0_theo_7.wav,theo,0
8_jackson_19.wav,jackson,8
6_lucas_20.wav,lucas,6
7_jackson_37.wav,jackson,7
6_nicolas_27.wav,nicolas,6
2_lucas_27.wav,lucas,2
5_theo_3.wav,theo,5
8_jackson_35.wav,jackson,8
5_jackson_12.wav,jackson,5
6_jackson_20.wav,jackson,6
8_nicolas_22.wav,nicolas,8
6_lucas_11.wav,lucas,6
0_theo_46.wav,theo,0
4_jackson_34.wav,jackson,4
4_jackson_43.wav,jackson,4
0_theo_47.wav,theo,0
9_yweweler_23.wav,yweweler,9
3_nicolas_22.wav,nicolas,3
2_theo_4.wav,theo,2
9_theo_11.wav,theo,9
3_george_30.wav,george,3
7_nicolas_8.wav,nicolas,7
6_nicolas_33.wav,nicolas,6
8_jackson_36.wav,jackson,8
0_george_4.wav,george,0
4_jackson_9.wav,jackson,4
0_theo_6.wav,theo,0
8_nicolas_0.wav,nicolas,8
9_yweweler_28.wav,yweweler,9
7_lucas_31.wav,lucas,7
0_jackson_27.wav,jackson,0
2_lucas_9.wav,lucas,2
0_nicolas_35.wav,nicolas,0
8_yweweler_16.wav,yweweler,8
7_nicolas_6.wav,nicolas,7
3_george_1.wav,george,3
6_jackson_33.wav,jackson,6
8_yweweler_49.wav,yweweler,8
5_george_28.wav,george,5
3_theo_47.wav,theo,3
2_nicolas_27.wav,nicolas,2
2_nicolas_47.wav,nicolas,2
3_lucas_8.wav,lucas,3
6_yweweler_38.wav,yweweler,6
5_theo_31.wav,theo,5
6_jackson_31.wav,jackson,6
6_lucas_9.wav,lucas,6
9_jackson_3.wav,jackson,9
2_theo_12.wav,theo,2
0_lucas_48.wav,lucas,0
0_theo_29.wav,theo,0
3_theo_38.wav,theo,3
5_jackson_28.wav,jackson,5
4_jackson_35.wav,jackson,4
5_lucas_29.wav,lucas,5
0_george_28.wav,george,0
4_yweweler_37.wav,yweweler,4
6_lucas_24.wav,lucas,6
3_lucas_21.wav,lucas,3
5_jackson_22.wav,jackson,5
8_theo_49.wav,theo,8
5_nicolas_41.wav,nicolas,5
4_nicolas_35.wav,nicolas,4
1_lucas_13.wav,lucas,1
2_nicolas_2.wav,nicolas,2
4_yweweler_20.wav,yweweler,4
0_jackson_4.wav,jackson,0
2_jackson_22.wav,jackson,2
7_jackson_33.wav,jackson,7
9_yweweler_15.wav,yweweler,9
7_yweweler_49.wav,yweweler,7
7_lucas_19.wav,lucas,7
2_nicolas_17.wav,nicolas,2
3_nicolas_44.wav,nicolas,3
6_nicolas_32.wav,nicolas,6
6_jackson_25.wav,jackson,6
0_nicolas_12.wav,nicolas,0
8_theo_44.wav,theo,8
9_theo_41.wav,theo,9
1_lucas_16.wav,lucas,1
6_lucas_18.wav,lucas,6
1_lucas_14.wav,lucas,1
4_yweweler_36.wav,yweweler,4
4_nicolas_19.wav,nicolas,4
9_theo_3.wav,theo,9
7_jackson_34.wav,jackson,7
0_george_44.wav,george,0
0_nicolas_1.wav,nicolas,0
7_lucas_12.wav,lucas,7
2_yweweler_5.wav,yweweler,2
7_theo_41.wav,theo,7
0_theo_27.wav,theo,0
9_nicolas_46.wav,nicolas,9
8_yweweler_44.wav,yweweler,8
8_lucas_18.wav,lucas,8
5_yweweler_46.wav,yweweler,5
9_nicolas_3.wav,nicolas,9
1_yweweler_47.wav,yweweler,1
2_lucas_3.wav,lucas,2
7_george_19.wav,george,7
2_jackson_40.wav,jackson,2
7_nicolas_40.wav,nicolas,7
5_jackson_32.wav,jackson,5
9_lucas_3.wav,lucas,9
8_theo_25.wav,theo,8
7_nicolas_16.wav,nicolas,7
6_nicolas_49.wav,nicolas,6
5_yweweler_2.wav,yweweler,5
9_nicolas_23.wav,nicolas,9
8_yweweler_17.wav,yweweler,8
6_nicolas_35.wav,nicolas,6
9_jackson_1.wav,jackson,9
8_george_15.wav,george,8
2_theo_39.wav,theo,2
0_theo_11.wav,theo,0
5_theo_23.wav,theo,5
1_nicolas_10.wav,nicolas,1
2_nicolas_11.wav,nicolas,2
3_lucas_3.wav,lucas,3
3_george_7.wav,george,3
0_lucas_20.wav,lucas,0
2_george_41.wav,george,2
6_nicolas_41.wav,nicolas,6
5_yweweler_21.wav,yweweler,5
5_jackson_33.wav,jackson,5
7_george_27.wav,george,7
6_theo_40.wav,theo,6
8_lucas_24.wav,lucas,8
1_yweweler_1.wav,yweweler,1
1_lucas_46.wav,lucas,1
8_yweweler_34.wav,yweweler,8
8_theo_8.wav,theo,8
7_george_7.wav,george,7
9_lucas_10.wav,lucas,9
5_george_1.wav,george,5
4_nicolas_22.wav,nicolas,4
9_george_9.wav,george,9
8_lucas_33.wav,lucas,8
4_george_24.wav,george,4
6_nicolas_44.wav,nicolas,6
4_lucas_41.wav,lucas,4
5_yweweler_10.wav,yweweler,5
8_nicolas_5.wav,nicolas,8
2_theo_35.wav,theo,2
7_george_30.wav,george,7
9_yweweler_49.wav,yweweler,9
4_theo_4.wav,theo,4
4_lucas_19.wav,lucas,4
7_jackson_31.wav,jackson,7
5_george_46.wav,george,5
9_yweweler_41.wav,yweweler,9
6_yweweler_45.wav,yweweler,6
9_nicolas_16.wav,nicolas,9
9_george_28.wav,george,9
7_nicolas_2.wav,nicolas,7
7_lucas_22.wav,lucas,7
8_nicolas_9.wav,nicolas,8
8_jackson_18.wav,jackson,8
5_lucas_12.wav,lucas,5
6_lucas_46.wav,lucas,6
0_nicolas_17.wav,nicolas,0
4_nicolas_30.wav,nicolas,4
7_yweweler_9.wav,yweweler,7
1_nicolas_21.wav,nicolas,1
5_jackson_35.wav,jackson,5
3_nicolas_13.wav,nicolas,3
2_nicolas_46.wav,nicolas,2
1_george_41.wav,george,1
5_lucas_21.wav,lucas,5
5_theo_2.wav,theo,5
1_yweweler_21.wav,yweweler,1
9_yweweler_45.wav,yweweler,9
7_lucas_1.wav,lucas,7
4_jackson_1.wav,jackson,4
3_george_35.wav,george,3
6_lucas_13.wav,lucas,6
4_lucas_33.wav,lucas,4
7_yweweler_41.wav,yweweler,7
1_yweweler_6.wav,yweweler,1
1_nicolas_46.wav,nicolas,1
9_nicolas_7.wav,nicolas,9
7_george_0.wav,george,7
7_george_8.wav,george,7
6_yweweler_29.wav,yweweler,6
4_lucas_45.wav,lucas,4
1_lucas_18.wav,lucas,1
2_yweweler_6.wav,yweweler,2
5_lucas_32.wav,lucas,5
3_yweweler_40.wav,yweweler,3
1_yweweler_32.wav,yweweler,1
6_theo_3.wav,theo,6
6_yweweler_28.wav,yweweler,6
3_yweweler_42.wav,yweweler,3
3_george_41.wav,george,3
6_george_22.wav,george,6
8_theo_29.wav,theo,8
8_nicolas_15.wav,nicolas,8
7_george_6.wav,george,7
2_lucas_20.wav,lucas,2
9_yweweler_35.wav,yweweler,9
3_yweweler_29.wav,yweweler,3
4_nicolas_36.wav,nicolas,4
4_yweweler_14.wav,yweweler,4
8_nicolas_42.wav,nicolas,8
0_nicolas_26.wav,nicolas,0
5_lucas_30.wav,lucas,5
5_jackson_48.wav,jackson,5
3_lucas_17.wav,lucas,3
9_lucas_31.wav,lucas,9
3_yweweler_18.wav,yweweler,3
2_lucas_0.wav,lucas,2
2_jackson_3.wav,jackson,2
5_george_35.wav,george,5
1_george_18.wav,george,1
3_george_45.wav,george,3
7_nicolas_1.wav,nicolas,7
4_jackson_18.wav,jackson,4
3_jackson_7.wav,jackson,3
9_jackson_43.wav,jackson,9
8_jackson_34.wav,jackson,8
3_lucas_46.wav,lucas,3
6_george_19.wav,george,6
1_jackson_7.wav,jackson,1
3_jackson_16.wav,jackson,3
4_theo_46.wav,theo,4
9_nicolas_44.wav,nicolas,9
7_george_11.wav,george,7
8_jackson_21.wav,jackson,8
9_theo_12.wav,theo,9
8_theo_45.wav,theo,8
6_george_40.wav,george,6
9_jackson_0.wav,jackson,9
4_nicolas_1.wav,nicolas,4
0_jackson_6.wav,jackson,0
6_jackson_48.wav,jackson,6
0_jackson_36.wav,jackson,0
9_theo_45.wav,theo,9
4_yweweler_23.wav,yweweler,4
4_nicolas_2.wav,nicolas,4
0_yweweler_18.wav,yweweler,0
4_nicolas_18.wav,nicolas,4
9_jackson_31.wav,jackson,9
5_george_34.wav,george,5
7_yweweler_7.wav,yweweler,7
0_theo_25.wav,theo,0
3_george_0.wav,george,3
0_jackson_48.wav,jackson,0
2_nicolas_39.wav,nicolas,2
4_george_12.wav,george,4
4_jackson_45.wav,jackson,4
7_lucas_25.wav,lucas,7
1_yweweler_3.wav,yweweler,1
4_theo_21.wav,theo,4
0_george_14.wav,george,0
4_yweweler_49.wav,yweweler,4
4_lucas_10.wav,lucas,4
0_george_2.wav,george,0
4_nicolas_45.wav,nicolas,4
3_lucas_39.wav,lucas,3
0_jackson_12.wav,jackson,0
8_jackson_47.wav,jackson,8
4_yweweler_42.wav,yweweler,4
2_yweweler_26.wav,yweweler,2
6_lucas_39.wav,lucas,6
7_jackson_14.wav,jackson,7
4_jackson_41.wav,jackson,4
6_yweweler_41.wav,yweweler,6
1_yweweler_41.wav,yweweler,1
8_lucas_11.wav,lucas,8
0_lucas_5.wav,lucas,0
9_theo_16.wav,theo,9
0_yweweler_28.wav,yweweler,0
8_nicolas_41.wav,nicolas,8
2_theo_29.wav,theo,2
0_jackson_41.wav,jackson,0
1_lucas_8.wav,lucas,1
1_lucas_32.wav,lucas,1
8_theo_2.wav,theo,8
6_nicolas_15.wav,nicolas,6
8_jackson_5.wav,jackson,8
5_yweweler_26.wav,yweweler,5
8_jackson_6.wav,jackson,8
8_theo_36.wav,theo,8
2_nicolas_21.wav,nicolas,2
4_theo_19.wav,theo,4
4_george_13.wav,george,4
4_yweweler_13.wav,yweweler,4
6_george_29.wav,george,6
9_nicolas_10.wav,nicolas,9
0_lucas_45.wav,lucas,0
8_yweweler_47.wav,yweweler,8
8_nicolas_37.wav,nicolas,8
6_george_26.wav,george,6
9_nicolas_27.wav,nicolas,9
6_nicolas_20.wav,nicolas,6
2_lucas_31.wav,lucas,2
3_yweweler_8.wav,yweweler,3
4_theo_29.wav,theo,4
0_theo_16.wav,theo,0
2_jackson_48.wav,jackson,2
5_yweweler_30.wav,yweweler,5
9_theo_37.wav,theo,9
0_lucas_8.wav,lucas,0
2_george_31.wav,george,2
7_yweweler_43.wav,yweweler,7
5_jackson_37.wav,jackson,5
8_nicolas_46.wav,nicolas,8
9_theo_24.wav,theo,9
2_nicolas_26.wav,nicolas,2
4_jackson_28.wav,jackson,4
2_jackson_26.wav,jackson,2
2_theo_37.wav,theo,2
0_yweweler_44.wav,yweweler,0
8_george_1.wav,george,8
5_jackson_6.wav,jackson,5
1_nicolas_4.wav,nicolas,1
4_lucas_26.wav,lucas,4
8_theo_21.wav,theo,8
1_nicolas_36.wav,nicolas,1
6_lucas_30.wav,lucas,6
5_nicolas_29.wav,nicolas,5
4_yweweler_22.wav,yweweler,4
8_george_30.wav,george,8
2_george_45.wav,george,2
7_theo_47.wav,theo,7
5_jackson_17.wav,jackson,5
1_jackson_24.wav,jackson,1
3_george_3.wav,george,3
9_lucas_9.wav,lucas,9
7_jackson_48.wav,jackson,7
1_yweweler_38.wav,yweweler,1
9_nicolas_19.wav,nicolas,9
1_yweweler_24.wav,yweweler,1
6_jackson_44.wav,jackson,6
7_jackson_26.wav,jackson,7
2_nicolas_31.wav,nicolas,2
1_jackson_12.wav,jackson,1
9_lucas_11.wav,lucas,9
3_george_33.wav,george,3
1_george_34.wav,george,1
1_nicolas_32.wav,nicolas,1
5_lucas_39.wav,lucas,5
6_nicolas_21.wav,nicolas,6
9_yweweler_31.wav,yweweler,9
1_theo_34.wav,theo,1
1_nicolas_45.wav,nicolas,1
0_yweweler_21.wav,yweweler,0
1_theo_21.wav,theo,1
1_jackson_37.wav,jackson,1
7_nicolas_32.wav,nicolas,7
1_jackson_48.wav,jackson,1
4_george_43.wav,george,4
7_jackson_35.wav,jackson,7
0_jackson_11.wav,jackson,0
8_nicolas_8.wav,nicolas,8
2_yweweler_21.wav,yweweler,2
7_theo_34.wav,theo,7
9_lucas_26.wav,lucas,9
4_lucas_36.wav,lucas,4
4_jackson_32.wav,jackson,4
7_theo_46.wav,theo,7
1_jackson_18.wav,jackson,1
4_jackson_33.wav,jackson,4
5_jackson_1.wav,jackson,5
9_nicolas_12.wav,nicolas,9
9_theo_49.wav,theo,9
2_nicolas_24.wav,nicolas,2
7_yweweler_29.wav,yweweler,7
2_lucas_29.wav,lucas,2
9_theo_17.wav,theo,9
7_lucas_8.wav,lucas,7
7_jackson_46.wav,jackson,7
4_jackson_37.wav,jackson,4
1_yweweler_22.wav,yweweler,1
5_george_17.wav,george,5
6_theo_25.wav,theo,6
4_yweweler_29.wav,yweweler,4
4_theo_39.wav,theo,4
8_lucas_34.wav,lucas,8
2_lucas_42.wav,lucas,2
0_lucas_42.wav,lucas,0
8_george_5.wav,george,8
8_george_7.wav,george,8
9_jackson_21.wav,jackson,9
0_george_1.wav,george,0
2_yweweler_23.wav,yweweler,2
2_george_29.wav,george,2
3_jackson_43.wav,jackson,3
1_yweweler_8.wav,yweweler,1
2_jackson_10.wav,jackson,2
3_george_19.wav,george,3
8_george_44.wav,george,8
1_nicolas_43.wav,nicolas,1
9_lucas_39.wav,lucas,9
7_lucas_2.wav,lucas,7
6_yweweler_9.wav,yweweler,6
9_jackson_19.wav,jackson,9
8_theo_4.wav,theo,8
0_theo_26.wav,theo,0
6_jackson_0.wav,jackson,6
9_lucas_45.wav,lucas,9
5_george_21.wav,george,5
2_theo_21.wav,theo,2
0_lucas_18.wav,lucas,0
4_yweweler_27.wav,yweweler,4
1_yweweler_4.wav,yweweler,1
5_nicolas_40.wav,nicolas,5
4_george_44.wav,george,4
3_jackson_36.wav,jackson,3
6_jackson_34.wav,jackson,6
7_jackson_8.wav,jackson,7
8_theo_23.wav,theo,8
9_jackson_4.wav,jackson,9
2_jackson_35.wav,jackson,2
1_george_7.wav,george,1
1_nicolas_14.wav,nicolas,1
3_yweweler_2.wav,yweweler,3
9_jackson_41.wav,jackson,9
3_lucas_34.wav,lucas,3
2_theo_49.wav,theo,2
1_george_22.wav,george,1
0_lucas_33.wav,lucas,0
5_yweweler_13.wav,yweweler,5
0_george_25.wav,george,0
7_yweweler_8.wav,yweweler,7
4_nicolas_15.wav,nicolas,4
0_george_22.wav,george,0
3_jackson_17.wav,jackson,3
6_george_28.wav,george,6
6_theo_13.wav,theo,6
3_yweweler_41.wav,yweweler,3
4_lucas_22.wav,lucas,4
0_yweweler_7.wav,yweweler,0
9_george_41.wav,george,9
7_lucas_16.wav,lucas,7
4_jackson_13.wav,jackson,4
0_lucas_24.wav,lucas,0
1_nicolas_39.wav,nicolas,1
4_nicolas_25.wav,nicolas,4
6_yweweler_48.wav,yweweler,6
9_lucas_12.wav,lucas,9
2_theo_48.wav,theo,2
3_theo_17.wav,theo,3
2_jackson_49.wav,jackson,2
7_theo_24.wav,theo,7
4_george_40.wav,george,4
2_george_4.wav,george,2
0_nicolas_36.wav,nicolas,0
5_yweweler_7.wav,yweweler,5
1_lucas_42.wav,lucas,1
0_theo_35.wav,theo,0
4_nicolas_33.wav,nicolas,4
3_jackson_28.wav,jackson,3
7_theo_6.wav,theo,7
5_george_18.wav,george,5
8_lucas_19.wav,lucas,8
3_yweweler_35.wav,yweweler,3
7_nicolas_48.wav,nicolas,7
8_yweweler_27.wav,yweweler,8
8_lucas_44.wav,lucas,8
8_nicolas_18.wav,nicolas,8
3_nicolas_16.wav,nicolas,3
9_jackson_6.wav,jackson,9
7_george_13.wav,george,7
5_yweweler_42.wav,yweweler,5
0_jackson_22.wav,jackson,0
6_yweweler_0.wav,yweweler,6
1_nicolas_0.wav,nicolas,1
5_nicolas_19.wav,nicolas,5
9_jackson_11.wav,jackson,9
2_jackson_31.wav,jackson,2
1_lucas_30.wav,lucas,1
7_nicolas_38.wav,nicolas,7
3_jackson_4.wav,jackson,3
8_george_21.wav,george,8
2_yweweler_7.wav,yweweler,2
8_lucas_38.wav,lucas,8
9_yweweler_36.wav,yweweler,9
0_jackson_18.wav,jackson,0
0_yweweler_24.wav,yweweler,0
4_jackson_38.wav,jackson,4
4_nicolas_26.wav,nicolas,4
1_yweweler_29.wav,yweweler,1
8_theo_35.wav,theo,8
3_lucas_31.wav,lucas,3
5_nicolas_43.wav,nicolas,5
7_theo_26.wav,theo,7
9_nicolas_15.wav,nicolas,9
5_nicolas_37.wav,nicolas,5
5_theo_11.wav,theo,5
1_nicolas_28.wav,nicolas,1
3_yweweler_19.wav,yweweler,3
4_yweweler_7.wav,yweweler,4
9_george_47.wav,george,9
0_lucas_7.wav,lucas,0
9_yweweler_42.wav,yweweler,9
3_yweweler_3.wav,yweweler,3
5_lucas_13.wav,lucas,5
6_jackson_6.wav,jackson,6
8_jackson_2.wav,jackson,8
4_lucas_43.wav,lucas,4
4_jackson_25.wav,jackson,4
0_theo_21.wav,theo,0
9_theo_42.wav,theo,9
1_jackson_27.wav,jackson,1
0_theo_45.wav,theo,0
5_yweweler_25.wav,yweweler,5
0_jackson_25.wav,jackson,0
0_lucas_40.wav,lucas,0
3_yweweler_47.wav,yweweler,3
7_theo_5.wav,theo,7
9_theo_48.wav,theo,9
3_jackson_14.wav,jackson,3
9_george_1.wav,george,9
3_nicolas_1.wav,nicolas,3
4_lucas_9.wav,lucas,4
2_theo_8.wav,theo,2
8_nicolas_28.wav,nicolas,8
6_yweweler_26.wav,yweweler,6
2_theo_30.wav,theo,2
1_george_36.wav,george,1
3_lucas_14.wav,lucas,3
7_lucas_10.wav,lucas,7
7_theo_15.wav,theo,7
0_theo_33.wav,theo,0
5_theo_35.wav,theo,5
8_theo_26.wav,theo,8
7_george_26.wav,george,7
5_yweweler_29.wav,yweweler,5
7_george_33.wav,george,7
3_yweweler_34.wav,yweweler,3
5_jackson_43.wav,jackson,5
6_yweweler_3.wav,yweweler,6
8_yweweler_19.wav,yweweler,8
5_yweweler_35.wav,yweweler,5
8_yweweler_12.wav,yweweler,8
8_lucas_43.wav,lucas,8
1_jackson_9.wav,jackson,1
7_theo_31.wav,theo,7
2_yweweler_36.wav,yweweler,2
9_yweweler_33.wav,yweweler,9
2_jackson_27.wav,jackson,2
4_jackson_21.wav,jackson,4
5_yweweler_45.wav,yweweler,5
4_nicolas_39.wav,nicolas,4
7_theo_43.wav,theo,7
2_yweweler_24.wav,yweweler,2
7_george_49.wav,george,7
0_theo_37.wav,theo,0
8_yweweler_28.wav,yweweler,8
7_nicolas_17.wav,nicolas,7
6_george_15.wav,george,6
2_theo_13.wav,theo,2
6_yweweler_17.wav,yweweler,6
6_lucas_27.wav,lucas,6
9_yweweler_46.wav,yweweler,9
2_george_13.wav,george,2
5_yweweler_24.wav,yweweler,5
5_theo_22.wav,theo,5
9_jackson_8.wav,jackson,9
2_george_9.wav,george,2
6_lucas_47.wav,lucas,6
7_george_1.wav,george,7
5_yweweler_32.wav,yweweler,5
1_theo_37.wav,theo,1
1_yweweler_48.wav,yweweler,1
7_jackson_39.wav,jackson,7
3_yweweler_10.wav,yweweler,3
1_yweweler_33.wav,yweweler,1
9_lucas_25.wav,lucas,9
8_nicolas_1.wav,nicolas,8
8_george_4.wav,george,8
1_nicolas_29.wav,nicolas,1
5_george_31.wav,george,5
2_lucas_2.wav,lucas,2
6_jackson_39.wav,jackson,6
3_jackson_29.wav,jackson,3
1_yweweler_15.wav,yweweler,1
9_jackson_39.wav,jackson,9
0_yweweler_22.wav,yweweler,0
2_theo_9.wav,theo,2
7_george_12.wav,george,7
2_nicolas_10.wav,nicolas,2
0_nicolas_34.wav,nicolas,0
8_jackson_44.wav,jackson,8
5_lucas_45.wav,lucas,5
9_nicolas_29.wav,nicolas,9
7_nicolas_22.wav,nicolas,7
7_yweweler_25.wav,yweweler,7
6_nicolas_19.wav,nicolas,6
7_theo_25.wav,theo,7
0_yweweler_34.wav,yweweler,0
8_lucas_3.wav,lucas,8
4_nicolas_24.wav,nicolas,4
3_theo_29.wav,theo,3
6_theo_12.wav,theo,6
7_lucas_6.wav,lucas,7
4_george_45.wav,george,4
3_theo_1.wav,theo,3
6_theo_16.wav,theo,6
9_nicolas_40.wav,nicolas,9
2_george_6.wav,george,2
3_lucas_12.wav,lucas,3
0_yweweler_41.wav,yweweler,0
7_nicolas_44.wav,nicolas,7
9_george_45.wav,george,9
1_jackson_40.wav,jackson,1
9_lucas_41.wav,lucas,9
1_theo_0.wav,theo,1
1_george_43.wav,george,1
3_lucas_44.wav,lucas,3
0_george_9.wav,george,0
2_george_2.wav,george,2
0_yweweler_36.wav,yweweler,0
3_yweweler_23.wav,yweweler,3
6_nicolas_11.wav,nicolas,6
6_theo_23.wav,theo,6
2_lucas_35.wav,lucas,2
9_lucas_27.wav,lucas,9
5_yweweler_28.wav,yweweler,5
3_nicolas_43.wav,nicolas,3
6_jackson_1.wav,jackson,6
1_jackson_14.wav,jackson,1
4_george_34.wav,george,4
8_jackson_0.wav,jackson,8
4_theo_45.wav,theo,4
2_jackson_28.wav,jackson,2
4_lucas_29.wav,lucas,4
6_jackson_23.wav,jackson,6
3_jackson_40.wav,jackson,3
5_jackson_2.wav,jackson,5
7_nicolas_13.wav,nicolas,7
0_yweweler_5.wav,yweweler,0
2_nicolas_7.wav,nicolas,2
2_lucas_12.wav,lucas,2
0_jackson_42.wav,jackson,0
5_nicolas_47.wav,nicolas,5
3_yweweler_6.wav,yweweler,3
1_yweweler_36.wav,yweweler,1
3_george_29.wav,george,3
3_george_12.wav,george,3
6_jackson_7.wav,jackson,6
9_yweweler_3.wav,yweweler,9
8_nicolas_49.wav,nicolas,8
5_jackson_8.wav,jackson,5
1_theo_35.wav,theo,1
3_theo_41.wav,theo,3
1_theo_27.wav,theo,1
3_jackson_35.wav,jackson,3
9_george_6.wav,george,9
3_george_27.wav,george,3
6_jackson_46.wav,jackson,6
9_yweweler_16.wav,yweweler,9
7_lucas_14.wav,lucas,7
8_george_40.wav,george,8
4_jackson_49.wav,jackson,4
0_yweweler_27.wav,yweweler,0
5_jackson_19.wav,jackson,5
8_lucas_5.wav,lucas,8
5_nicolas_33.wav,nicolas,5
3_jackson_48.wav,jackson,3
5_george_29.wav,george,5
1_theo_41.wav,theo,1
0_yweweler_45.wav,yweweler,0
2_theo_1.wav,theo,2
1_nicolas_16.wav,nicolas,1
2_theo_45.wav,theo,2
8_jackson_12.wav,jackson,8
8_yweweler_26.wav,yweweler,8
3_lucas_24.wav,lucas,3
6_nicolas_46.wav,nicolas,6
4_yweweler_34.wav,yweweler,4
0_nicolas_8.wav,nicolas,0
6_nicolas_3.wav,nicolas,6
8_jackson_14.wav,jackson,8
9_yweweler_9.wav,yweweler,9
8_jackson_45.wav,jackson,8
7_yweweler_38.wav,yweweler,7
1_theo_11.wav,theo,1
7_nicolas_26.wav,nicolas,7
0_jackson_39.wav,jackson,0
5_george_8.wav,george,5
7_nicolas_28.wav,nicolas,7
9_theo_15.wav,theo,9
5_george_4.wav,george,5
4_nicolas_34.wav,nicolas,4
4_george_25.wav,george,4
6_nicolas_43.wav,nicolas,6
9_nicolas_26.wav,nicolas,9
1_nicolas_7.wav,nicolas,1
4_nicolas_7.wav,nicolas,4
4_theo_42.wav,theo,4
4_yweweler_38.wav,yweweler,4
0_george_33.wav,george,0
4_yweweler_16.wav,yweweler,4
5_yweweler_12.wav,yweweler,5
5_nicolas_8.wav,nicolas,5
6_yweweler_15.wav,yweweler,6
6_lucas_26.wav,lucas,6
7_george_9.wav,george,7
4_nicolas_17.wav,nicolas,4
8_theo_40.wav,theo,8
4_george_30.wav,george,4
4_nicolas_37.wav,nicolas,4
9_yweweler_19.wav,yweweler,9
2_nicolas_42.wav,nicolas,2
5_yweweler_38.wav,yweweler,5
7_lucas_26.wav,lucas,7
9_george_34.wav,george,9
7_nicolas_3.wav,nicolas,7
0_nicolas_2.wav,nicolas,0
2_jackson_46.wav,jackson,2
2_nicolas_18.wav,nicolas,2
2_george_35.wav,george,2
7_lucas_32.wav,lucas,7
4_nicolas_42.wav,nicolas,4
4_lucas_32.wav,lucas,4
3_jackson_37.wav,jackson,3
3_jackson_45.wav,jackson,3
8_george_28.wav,george,8
4_george_27.wav,george,4
3_yweweler_36.wav,yweweler,3
4_theo_12.wav,theo,4
8_george_19.wav,george,8
4_george_23.wav,george,4
0_jackson_1.wav,jackson,0
8_jackson_46.wav,jackson,8
9_george_39.wav,george,9
5_lucas_48.wav,lucas,5
4_lucas_31.wav,lucas,4
5_george_5.wav,george,5
9_george_20.wav,george,9
7_jackson_5.wav,jackson,7
8_jackson_43.wav,jackson,8
0_george_34.wav,george,0
4_yweweler_17.wav,yweweler,4
6_lucas_14.wav,lucas,6
2_yweweler_31.wav,yweweler,2
3_theo_11.wav,theo,3
1_yweweler_40.wav,yweweler,1
0_theo_3.wav,theo,0
4_theo_34.wav,theo,4
0_yweweler_13.wav,yweweler,0
0_lucas_9.wav,lucas,0
0_lucas_41.wav,lucas,0
5_lucas_35.wav,lucas,5
0_theo_15.wav,theo,0
1_lucas_43.wav,lucas,1
0_theo_31.wav,theo,0
9_jackson_18.wav,jackson,9
1_theo_19.wav,theo,1
1_jackson_8.wav,jackson,1
3_george_24.wav,george,3
5_jackson_9.wav,jackson,5
0_nicolas_10.wav,nicolas,0
6_george_7.wav,george,6
9_george_3.wav,george,9
3_nicolas_40.wav,nicolas,3
9_jackson_34.wav,jackson,9
0_lucas_34.wav,lucas,0
0_nicolas_23.wav,nicolas,0
9_jackson_38.wav,jackson,9
2_nicolas_49.wav,nicolas,2
1_george_44.wav,george,1
0_jackson_47.wav,jackson,0
8_yweweler_45.wav,yweweler,8
6_theo_47.wav,theo,6
6_yweweler_7.wav,yweweler,6
4_nicolas_46.wav,nicolas,4
6_nicolas_42.wav,nicolas,6
5_nicolas_16.wav,nicolas,5
0_jackson_5.wav,jackson,0
4_theo_26.wav,theo,4
1_theo_26.wav,theo,1
9_yweweler_26.wav,yweweler,9
2_george_38.wav,george,2
5_theo_10.wav,theo,5
1_theo_17.wav,theo,1
0_jackson_3.wav,jackson,0
3_george_4.wav,george,3
0_nicolas_43.wav,nicolas,0
1_lucas_9.wav,lucas,1
2_jackson_9.wav,jackson,2
1_george_6.wav,george,1
0_lucas_15.wav,lucas,0
9_theo_10.wav,theo,9
5_nicolas_15.wav,nicolas,5
3_yweweler_48.wav,yweweler,3
5_nicolas_36.wav,nicolas,5
8_yweweler_39.wav,yweweler,8
8_nicolas_17.wav,nicolas,8
0_george_8.wav,george,0
7_yweweler_36.wav,yweweler,7
1_george_31.wav,george,1
1_nicolas_5.wav,nicolas,1
3_jackson_21.wav,jackson,3
3_lucas_40.wav,lucas,3
2_jackson_36.wav,jackson,2
2_yweweler_0.wav,yweweler,2
8_george_27.wav,george,8
9_george_5.wav,george,9
5_jackson_4.wav,jackson,5
8_yweweler_25.wav,yweweler,8
5_lucas_44.wav,lucas,5
3_jackson_6.wav,jackson,3
4_nicolas_43.wav,nicolas,4
4_yweweler_1.wav,yweweler,4
5_lucas_19.wav,lucas,5
7_jackson_2.wav,jackson,7
6_theo_22.wav,theo,6
0_george_32.wav,george,0
9_jackson_13.wav,jackson,9
2_yweweler_34.wav,yweweler,2
9_nicolas_43.wav,nicolas,9
6_lucas_38.wav,lucas,6
3_lucas_25.wav,lucas,3
2_theo_44.wav,theo,2
4_george_48.wav,george,4
3_george_13.wav,george,3
3_nicolas_9.wav,nicolas,3
9_nicolas_13.wav,nicolas,9
7_yweweler_5.wav,yweweler,7
1_lucas_38.wav,lucas,1
8_lucas_48.wav,lucas,8
2_yweweler_25.wav,yweweler,2
5_nicolas_35.wav,nicolas,5
0_theo_18.wav,theo,0
0_yweweler_33.wav,yweweler,0
3_nicolas_25.wav,nicolas,3
3_theo_44.wav,theo,3
2_theo_11.wav,theo,2
7_theo_16.wav,theo,7
3_yweweler_21.wav,yweweler,3
5_theo_40.wav,theo,5
7_george_39.wav,george,7
7_lucas_29.wav,lucas,7
5_nicolas_42.wav,nicolas,5
1_george_42.wav,george,1
5_yweweler_27.wav,yweweler,5
6_jackson_49.wav,jackson,6
3_yweweler_45.wav,yweweler,3
5_george_13.wav,george,5
5_lucas_33.wav,lucas,5
5_jackson_0.wav,jackson,5
6_lucas_34.wav,lucas,6
3_nicolas_47.wav,nicolas,3
8_nicolas_27.wav,nicolas,8
1_theo_14.wav,theo,1
8_nicolas_12.wav,nicolas,8
3_yweweler_30.wav,yweweler,3
2_theo_31.wav,theo,2
6_theo_19.wav,theo,6
3_nicolas_34.wav,nicolas,3
5_george_14.wav,george,5
1_jackson_26.wav,jackson,1
5_theo_30.wav,theo,5
5_jackson_34.wav,jackson,5
2_george_20.wav,george,2
2_nicolas_16.wav,nicolas,2
3_george_38.wav,george,3
2_jackson_15.wav,jackson,2
2_george_11.wav,george,2
3_lucas_11.wav,lucas,3
9_yweweler_8.wav,yweweler,9
8_nicolas_4.wav,nicolas,8
8_jackson_29.wav,jackson,8
4_theo_40.wav,theo,4
1_lucas_48.wav,lucas,1
2_theo_2.wav,theo,2
5_lucas_31.wav,lucas,5
4_yweweler_4.wav,yweweler,4
4_george_4.wav,george,4
7_lucas_4.wav,lucas,7
5_jackson_27.wav,jackson,5
5_lucas_14.wav,lucas,5
6_nicolas_13.wav,nicolas,6
1_theo_32.wav,theo,1
8_jackson_7.wav,jackson,8
1_george_40.wav,george,1
2_theo_28.wav,theo,2
3_theo_23.wav,theo,3
2_yweweler_29.wav,yweweler,2
8_george_47.wav,george,8
9_jackson_37.wav,jackson,9
0_george_0.wav,george,0
0_nicolas_9.wav,nicolas,0
1_jackson_31.wav,jackson,1
8_nicolas_23.wav,nicolas,8
7_george_17.wav,george,7
8_george_46.wav,george,8
7_theo_1.wav,theo,7
5_yweweler_23.wav,yweweler,5
3_jackson_15.wav,jackson,3
3_nicolas_6.wav,nicolas,3
0_jackson_21.wav,jackson,0
9_george_19.wav,george,9
3_nicolas_48.wav,nicolas,3
5_george_20.wav,george,5
6_yweweler_22.wav,yweweler,6
9_nicolas_1.wav,nicolas,9
4_jackson_24.wav,jackson,4
1_george_11.wav,george,1
2_nicolas_43.wav,nicolas,2
4_jackson_39.wav,jackson,4
5_lucas_9.wav,lucas,5
2_yweweler_39.wav,yweweler,2
3_theo_16.wav,theo,3
2_jackson_21.wav,jackson,2
3_jackson_33.wav,jackson,3
8_george_9.wav,george,8
3_nicolas_45.wav,nicolas,3
3_theo_40.wav,theo,3
9_george_27.wav,george,9
0_nicolas_13.wav,nicolas,0
9_george_29.wav,george,9
3_yweweler_24.wav,yweweler,3
5_lucas_22.wav,lucas,5
1_george_33.wav,george,1
3_nicolas_49.wav,nicolas,3
1_george_15.wav,george,1
4_jackson_47.wav,jackson,4
9_yweweler_48.wav,yweweler,9
3_nicolas_12.wav,nicolas,3
4_theo_49.wav,theo,4
8_george_24.wav,george,8
2_yweweler_27.wav,yweweler,2
8_nicolas_34.wav,nicolas,8
9_yweweler_39.wav,yweweler,9
0_george_26.wav,george,0
3_lucas_32.wav,lucas,3
8_george_45.wav,george,8
9_george_37.wav,george,9
6_theo_36.wav,theo,6
7_jackson_49.wav,jackson,7
0_yweweler_10.wav,yweweler,0
6_george_38.wav,george,6
9_nicolas_4.wav,nicolas,9
1_george_14.wav,george,1
5_lucas_3.wav,lucas,5
0_jackson_38.wav,jackson,0
8_nicolas_24.wav,nicolas,8
7_nicolas_25.wav,nicolas,7
7_george_20.wav,george,7
8_yweweler_18.wav,yweweler,8
9_jackson_17.wav,jackson,9
8_nicolas_31.wav,nicolas,8
4_lucas_6.wav,lucas,4
1_jackson_10.wav,jackson,1
4_george_7.wav,george,4
7_theo_30.wav,theo,7
6_nicolas_12.wav,nicolas,6
8_george_3.wav,george,8
5_jackson_23.wav,jackson,5
6_jackson_4.wav,jackson,6
1_yweweler_34.wav,yweweler,1
8_yweweler_14.wav,yweweler,8
0_george_39.wav,george,0
3_yweweler_1.wav,yweweler,3
5_lucas_40.wav,lucas,5
9_jackson_15.wav,jackson,9
7_nicolas_12.wav,nicolas,7
1_lucas_4.wav,lucas,1
7_yweweler_28.wav,yweweler,7
1_jackson_19.wav,jackson,1
3_jackson_34.wav,jackson,3
4_nicolas_40.wav,nicolas,4
8_theo_15.wav,theo,8
5_yweweler_5.wav,yweweler,5
4_jackson_3.wav,jackson,4
1_jackson_47.wav,jackson,1
1_jackson_1.wav,jackson,1
5_george_39.wav,george,5
2_theo_14.wav,theo,2
8_nicolas_47.wav,nicolas,8
9_nicolas_9.wav,nicolas,9
9_lucas_49.wav,lucas,9
4_nicolas_49.wav,nicolas,4
3_yweweler_46.wav,yweweler,3
3_lucas_41.wav,lucas,3
3_lucas_30.wav,lucas,3
5_theo_29.wav,theo,5
1_george_29.wav,george,1
2_george_36.wav,george,2
9_theo_40.wav,theo,9
0_nicolas_11.wav,nicolas,0
5_george_45.wav,george,5
9_theo_23.wav,theo,9
1_yweweler_2.wav,yweweler,1
0_george_31.wav,george,0
4_theo_23.wav,theo,4
7_jackson_27.wav,jackson,7
4_george_36.wav,george,4
9_theo_33.wav,theo,9
6_theo_4.wav,theo,6
9_lucas_28.wav,lucas,9
9_george_38.wav,george,9
8_yweweler_9.wav,yweweler,8
9_theo_27.wav,theo,9
7_theo_29.wav,theo,7
0_nicolas_3.wav,nicolas,0
7_george_44.wav,george,7
5_lucas_25.wav,lucas,5
1_lucas_27.wav,lucas,1
5_lucas_36.wav,lucas,5
1_nicolas_48.wav,nicolas,1
4_yweweler_33.wav,yweweler,4
0_nicolas_18.wav,nicolas,0
0_george_35.wav,george,0
1_jackson_22.wav,jackson,1
0_lucas_3.wav,lucas,0
8_george_14.wav,george,8
9_yweweler_12.wav,yweweler,9
5_yweweler_8.wav,yweweler,5
1_jackson_30.wav,jackson,1
6_jackson_30.wav,jackson,6
5_george_12.wav,george,5
1_nicolas_25.wav,nicolas,1
1_yweweler_17.wav,yweweler,1
9_lucas_1.wav,lucas,9
1_yweweler_11.wav,yweweler,1
2_jackson_45.wav,jackson,2
9_nicolas_31.wav,nicolas,9
5_yweweler_6.wav,yweweler,5
2_lucas_6.wav,lucas,2
4_jackson_31.wav,jackson,4
3_lucas_2.wav,lucas,3
9_george_25.wav,george,9
0_theo_38.wav,theo,0
3_theo_4.wav,theo,3
2_nicolas_20.wav,nicolas,2
8_jackson_32.wav,jackson,8
4_nicolas_3.wav,nicolas,4
2_yweweler_45.wav,yweweler,2
0_jackson_20.wav,jackson,0
7_nicolas_29.wav,nicolas,7
2_yweweler_48.wav,yweweler,2
9_george_30.wav,george,9
1_jackson_46.wav,jackson,1
6_yweweler_14.wav,yweweler,6
3_lucas_28.wav,lucas,3
8_nicolas_16.wav,nicolas,8
5_lucas_20.wav,lucas,5
7_theo_32.wav,theo,7
1_theo_49.wav,theo,1
1_yweweler_37.wav,yweweler,1
4_lucas_0.wav,lucas,4
5_nicolas_6.wav,nicolas,5
9_lucas_4.wav,lucas,9
9_yweweler_17.wav,yweweler,9
8_lucas_32.wav,lucas,8
7_nicolas_39.wav,nicolas,7
6_george_41.wav,george,6
4_theo_30.wav,theo,4
6_lucas_6.wav,lucas,6
3_nicolas_30.wav,nicolas,3
9_yweweler_38.wav,yweweler,9
2_george_12.wav,george,2
8_jackson_1.wav,jackson,8
3_yweweler_7.wav,yweweler,3
3_theo_25.wav,theo,3
3_jackson_27.wav,jackson,3
6_george_24.wav,george,6
5_yweweler_34.wav,yweweler,5
5_yweweler_14.wav,yweweler,5
0_yweweler_20.wav,yweweler,0
6_jackson_27.wav,jackson,6
0_lucas_13.wav,lucas,0
6_jackson_29.wav,jackson,6
3_nicolas_42.wav,nicolas,3
9_lucas_0.wav,lucas,9
8_nicolas_40.wav,nicolas,8
3_theo_45.wav,theo,3
6_nicolas_23.wav,nicolas,6
1_lucas_3.wav,lucas,1
7_lucas_15.wav,lucas,7
4_lucas_12.wav,lucas,4
1_jackson_3.wav,jackson,1
7_theo_48.wav,theo,7
6_lucas_7.wav,lucas,6
2_yweweler_18.wav,yweweler,2
7_george_37.wav,george,7
8_nicolas_19.wav,nicolas,8
5_theo_34.wav,theo,5
9_yweweler_44.wav,yweweler,9
4_george_17.wav,george,4
9_jackson_7.wav,jackson,9
9_lucas_23.wav,lucas,9
6_theo_8.wav,theo,6
3_theo_7.wav,theo,3
7_theo_44.wav,theo,7
7_nicolas_34.wav,nicolas,7
4_george_19.wav,george,4
8_lucas_6.wav,lucas,8
5_george_0.wav,george,5
0_jackson_19.wav,jackson,0
4_george_14.wav,george,4
8_lucas_42.wav,lucas,8
8_lucas_1.wav,lucas,8
0_theo_43.wav,theo,0
4_theo_25.wav,theo,4
9_yweweler_22.wav,yweweler,9
0_lucas_10.wav,lucas,0
4_nicolas_5.wav,nicolas,4
8_yweweler_21.wav,yweweler,8
3_nicolas_18.wav,nicolas,3
0_nicolas_24.wav,nicolas,0
0_yweweler_17.wav,yweweler,0
3_george_43.wav,george,3
9_jackson_48.wav,jackson,9
8_jackson_23.wav,jackson,8
4_lucas_4.wav,lucas,4
0_lucas_19.wav,lucas,0
6_lucas_28.wav,lucas,6
7_jackson_15.wav,jackson,7
3_jackson_2.wav,jackson,3
6_lucas_22.wav,lucas,6
7_george_35.wav,george,7
5_nicolas_17.wav,nicolas,5
2_yweweler_43.wav,yweweler,2
0_lucas_43.wav,lucas,0
8_yweweler_10.wav,yweweler,8
3_nicolas_32.wav,nicolas,3
8_yweweler_37.wav,yweweler,8
5_theo_16.wav,theo,5
8_yweweler_20.wav,yweweler,8
1_lucas_24.wav,lucas,1
2_jackson_34.wav,jackson,2
7_yweweler_32.wav,yweweler,7
1_jackson_0.wav,jackson,1
3_theo_6.wav,theo,3
4_lucas_39.wav,lucas,4
4_lucas_14.wav,lucas,4
7_theo_17.wav,theo,7
8_nicolas_39.wav,nicolas,8
6_jackson_11.wav,jackson,6
3_lucas_19.wav,lucas,3
8_jackson_39.wav,jackson,8
8_jackson_40.wav,jackson,8
2_jackson_42.wav,jackson,2
4_jackson_23.wav,jackson,4
2_lucas_40.wav,lucas,2
6_george_21.wav,george,6
5_george_44.wav,george,5
6_jackson_38.wav,jackson,6
9_george_4.wav,george,9
6_jackson_5.wav,jackson,6
2_theo_33.wav,theo,2
4_theo_38.wav,theo,4
7_lucas_13.wav,lucas,7
5_nicolas_32.wav,nicolas,5
6_theo_20.wav,theo,6
3_yweweler_4.wav,yweweler,3
9_nicolas_34.wav,nicolas,9
7_yweweler_31.wav,yweweler,7
8_lucas_49.wav,lucas,8
0_theo_20.wav,theo,0
0_yweweler_1.wav,yweweler,0
4_theo_28.wav,theo,4
2_jackson_1.wav,jackson,2
8_nicolas_21.wav,nicolas,8
5_theo_0.wav,theo,5
2_yweweler_17.wav,yweweler,2
7_yweweler_16.wav,yweweler,7
2_jackson_47.wav,jackson,2
9_lucas_18.wav,lucas,9
8_george_20.wav,george,8
3_theo_24.wav,theo,3
1_george_49.wav,george,1
9_nicolas_32.wav,nicolas,9
6_theo_28.wav,theo,6
6_jackson_10.wav,jackson,6
8_theo_22.wav,theo,8
3_jackson_20.wav,jackson,3
3_theo_35.wav,theo,3
7_lucas_41.wav,lucas,7
7_theo_9.wav,theo,7
7_theo_20.wav,theo,7
9_theo_31.wav,theo,9
8_george_41.wav,george,8
2_george_42.wav,george,2
0_nicolas_44.wav,nicolas,0
8_lucas_26.wav,lucas,8
2_yweweler_41.wav,yweweler,2
1_yweweler_13.wav,yweweler,1
2_yweweler_11.wav,yweweler,2
9_jackson_40.wav,jackson,9
6_jackson_26.wav,jackson,6
6_nicolas_0.wav,nicolas,6
7_theo_18.wav,theo,7
6_nicolas_48.wav,nicolas,6
4_nicolas_0.wav,nicolas,4
8_lucas_12.wav,lucas,8
4_yweweler_21.wav,yweweler,4
7_nicolas_35.wav,nicolas,7
1_nicolas_3.wav,nicolas,1
1_george_13.wav,george,1
2_lucas_1.wav,lucas,2
7_lucas_9.wav,lucas,7
8_jackson_27.wav,jackson,8
4_george_18.wav,george,4
7_jackson_4.wav,jackson,7
0_nicolas_30.wav,nicolas,0
3_theo_19.wav,theo,3
2_yweweler_1.wav,yweweler,2
2_george_22.wav,george,2
4_jackson_46.wav,jackson,4
2_jackson_12.wav,jackson,2
0_jackson_37.wav,jackson,0
0_george_23.wav,george,0
3_theo_0.wav,theo,3
6_nicolas_40.wav,nicolas,6
9_lucas_2.wav,lucas,9
8_yweweler_46.wav,yweweler,8
8_george_32.wav,george,8
0_lucas_16.wav,lucas,0
4_jackson_26.wav,jackson,4
4_nicolas_28.wav,nicolas,4
9_nicolas_6.wav,nicolas,9
3_yweweler_26.wav,yweweler,3
8_theo_32.wav,theo,8
7_george_3.wav,george,7
5_yweweler_3.wav,yweweler,5
6_jackson_19.wav,jackson,6
9_theo_25.wav,theo,9
4_nicolas_38.wav,nicolas,4
1_jackson_21.wav,jackson,1
0_lucas_22.wav,lucas,0
1_nicolas_44.wav,nicolas,1
9_nicolas_25.wav,nicolas,9
3_theo_5.wav,theo,3
6_lucas_43.wav,lucas,6
0_nicolas_37.wav,nicolas,0
6_yweweler_20.wav,yweweler,6
7_nicolas_11.wav,nicolas,7
0_nicolas_46.wav,nicolas,0
8_lucas_10.wav,lucas,8
2_nicolas_36.wav,nicolas,2
7_lucas_21.wav,lucas,7
5_george_15.wav,george,5
5_theo_36.wav,theo,5
9_yweweler_5.wav,yweweler,9
5_nicolas_49.wav,nicolas,5
2_theo_43.wav,theo,2
4_theo_11.wav,theo,4
2_yweweler_2.wav,yweweler,2
1_lucas_25.wav,lucas,1
6_nicolas_36.wav,nicolas,6
5_yweweler_43.wav,yweweler,5
4_nicolas_11.wav,nicolas,4
2_theo_27.wav,theo,2
5_nicolas_13.wav,nicolas,5
3_george_47.wav,george,3
1_george_32.wav,george,1
5_theo_41.wav,theo,5
1_theo_10.wav,theo,1
6_george_34.wav,george,6
3_yweweler_49.wav,yweweler,3
8_george_8.wav,george,8
3_jackson_47.wav,jackson,3
1_jackson_44.wav,jackson,1
8_nicolas_25.wav,nicolas,8
5_lucas_47.wav,lucas,5
2_lucas_10.wav,lucas,2
0_george_5.wav,george,0
8_theo_33.wav,theo,8
6_george_0.wav,george,6
1_nicolas_49.wav,nicolas,1
7_lucas_43.wav,lucas,7
6_jackson_13.wav,jackson,6
0_nicolas_31.wav,nicolas,0
9_lucas_42.wav,lucas,9
4_theo_13.wav,theo,4
6_nicolas_6.wav,nicolas,6
6_nicolas_45.wav,nicolas,6
7_lucas_27.wav,lucas,7
7_nicolas_9.wav,nicolas,7
8_yweweler_38.wav,yweweler,8
1_yweweler_7.wav,yweweler,1
1_nicolas_35.wav,nicolas,1
7_george_4.wav,george,7
7_lucas_0.wav,lucas,7
6_theo_18.wav,theo,6
9_yweweler_0.wav,yweweler,9
0_jackson_30.wav,jackson,0
5_george_6.wav,george,5
3_jackson_19.wav,jackson,3
2_nicolas_37.wav,nicolas,2
2_yweweler_8.wav,yweweler,2
1_jackson_15.wav,jackson,1
8_george_39.wav,george,8
0_theo_48.wav,theo,0
7_theo_12.wav,theo,7
2_theo_36.wav,theo,2
8_lucas_16.wav,lucas,8
7_yweweler_3.wav,yweweler,7
4_yweweler_28.wav,yweweler,4
1_jackson_45.wav,jackson,1
2_nicolas_22.wav,nicolas,2
9_jackson_9.wav,jackson,9
8_lucas_4.wav,lucas,8
5_nicolas_28.wav,nicolas,5
3_theo_46.wav,theo,3
7_lucas_23.wav,lucas,7
6_george_14.wav,george,6
1_nicolas_47.wav,nicolas,1
3_nicolas_4.wav,nicolas,3
5_theo_32.wav,theo,5
9_nicolas_28.wav,nicolas,9
8_lucas_35.wav,lucas,8
5_george_27.wav,george,5
4_lucas_2.wav,lucas,4
0_lucas_38.wav,lucas,0
6_nicolas_26.wav,nicolas,6
5_theo_17.wav,theo,5
6_lucas_2.wav,lucas,6
9_lucas_44.wav,lucas,9
4_nicolas_44.wav,nicolas,4
9_theo_39.wav,theo,9
4_theo_31.wav,theo,4
7_jackson_7.wav,jackson,7
4_theo_37.wav,theo,4
5_nicolas_46.wav,nicolas,5
3_george_9.wav,george,3
2_lucas_36.wav,lucas,2
2_jackson_8.wav,jackson,2
5_lucas_8.wav,lucas,5
7_george_5.wav,george,7
2_jackson_5.wav,jackson,2
2_yweweler_47.wav,yweweler,2
9_george_26.wav,george,9
5_theo_4.wav,theo,5
9_lucas_22.wav,lucas,9
2_yweweler_49.wav,yweweler,2
9_george_49.wav,george,9
6_lucas_10.wav,lucas,6
9_jackson_16.wav,jackson,9
9_yweweler_25.wav,yweweler,9
1_theo_18.wav,theo,1
5_george_47.wav,george,5
4_jackson_17.wav,jackson,4
9_nicolas_47.wav,nicolas,9
7_nicolas_0.wav,nicolas,7
5_jackson_38.wav,jackson,5
6_george_9.wav,george,6
2_theo_15.wav,theo,2
0_lucas_49.wav,lucas,0
4_lucas_16.wav,lucas,4
8_yweweler_29.wav,yweweler,8
0_nicolas_48.wav,nicolas,0
4_jackson_40.wav,jackson,4
5_theo_13.wav,theo,5
0_george_17.wav,george,0
4_yweweler_9.wav,yweweler,4
0_theo_40.wav,theo,0
9_theo_29.wav,theo,9
1_george_24.wav,george,1
8_yweweler_2.wav,yweweler,8
0_lucas_36.wav,lucas,0
6_yweweler_42.wav,yweweler,6
0_lucas_0.wav,lucas,0
8_lucas_22.wav,lucas,8
4_lucas_30.wav,lucas,4
0_theo_41.wav,theo,0
3_george_10.wav,george,3
4_theo_48.wav,theo,4
8_jackson_16.wav,jackson,8
5_jackson_20.wav,jackson,5
9_theo_14.wav,theo,9
5_nicolas_12.wav,nicolas,5
9_nicolas_2.wav,nicolas,9
7_theo_37.wav,theo,7
7_lucas_24.wav,lucas,7
3_lucas_20.wav,lucas,3
6_theo_43.wav,theo,6
0_lucas_39.wav,lucas,0
8_theo_30.wav,theo,8
0_george_46.wav,george,0
9_yweweler_21.wav,yweweler,9
3_nicolas_19.wav,nicolas,3
0_theo_42.wav,theo,0
9_george_36.wav,george,9
6_theo_39.wav,theo,6
1_theo_44.wav,theo,1
3_jackson_39.wav,jackson,3
9_theo_4.wav,theo,9
8_jackson_49.wav,jackson,8
4_jackson_48.wav,jackson,4
8_lucas_39.wav,lucas,8
7_jackson_6.wav,jackson,7
7_yweweler_26.wav,yweweler,7
6_theo_35.wav,theo,6
8_george_42.wav,george,8
5_george_49.wav,george,5
6_yweweler_6.wav,yweweler,6
2_george_33.wav,george,2
5_lucas_28.wav,lucas,5
0_jackson_10.wav,jackson,0
5_george_19.wav,george,5
7_nicolas_42.wav,nicolas,7
3_yweweler_13.wav,yweweler,3
5_nicolas_18.wav,nicolas,5
1_lucas_47.wav,lucas,1
4_theo_22.wav,theo,4
0_jackson_34.wav,jackson,0
2_george_8.wav,george,2
8_yweweler_5.wav,yweweler,8
5_lucas_37.wav,lucas,5
3_lucas_6.wav,lucas,3
9_jackson_27.wav,jackson,9
3_jackson_25.wav,jackson,3
6_jackson_47.wav,jackson,6
9_theo_44.wav,theo,9
2_lucas_16.wav,lucas,2
6_jackson_3.wav,jackson,6
0_george_36.wav,george,0
9_nicolas_22.wav,nicolas,9
6_theo_49.wav,theo,6
2_theo_38.wav,theo,2
1_george_1.wav,george,1
8_yweweler_41.wav,yweweler,8
7_george_41.wav,george,7
2_theo_0.wav,theo,2
6_yweweler_37.wav,yweweler,6
1_jackson_32.wav,jackson,1
4_george_29.wav,george,4
3_jackson_23.wav,jackson,3
4_theo_18.wav,theo,4
8_lucas_13.wav,lucas,8
1_lucas_31.wav,lucas,1
5_theo_28.wav,theo,5
7_yweweler_44.wav,yweweler,7
1_yweweler_44.wav,yweweler,1
6_george_10.wav,george,6
6_lucas_21.wav,lucas,6
3_nicolas_10.wav,nicolas,3
9_nicolas_20.wav,nicolas,9
6_yweweler_43.wav,yweweler,6
6_theo_0.wav,theo,6
2_theo_46.wav,theo,2
0_lucas_26.wav,lucas,0
7_jackson_19.wav,jackson,7
0_yweweler_6.wav,yweweler,0
7_theo_2.wav,theo,7
1_jackson_34.wav,jackson,1
8_theo_19.wav,theo,8
4_lucas_38.wav,lucas,4
2_george_46.wav,george,2
2_nicolas_48.wav,nicolas,2
5_theo_8.wav,theo,5
6_theo_33.wav,theo,6
6_nicolas_25.wav,nicolas,6
0_theo_49.wav,theo,0
3_yweweler_32.wav,yweweler,3
4_yweweler_30.wav,yweweler,4
1_george_30.wav,george,1
4_jackson_8.wav,jackson,4
5_lucas_16.wav,lucas,5
9_lucas_30.wav,lucas,9
1_yweweler_42.wav,yweweler,1
0_jackson_46.wav,jackson,0
7_yweweler_21.wav,yweweler,7
6_jackson_21.wav,jackson,6
5_theo_33.wav,theo,5
9_yweweler_10.wav,yweweler,9
4_theo_44.wav,theo,4
7_jackson_40.wav,jackson,7
2_george_0.wav,george,2
5_yweweler_36.wav,yweweler,5
2_george_40.wav,george,2
4_yweweler_45.wav,yweweler,4
5_george_38.wav,george,5
1_nicolas_22.wav,nicolas,1
5_nicolas_38.wav,nicolas,5
5_jackson_45.wav,jackson,5
1_jackson_17.wav,jackson,1
2_nicolas_34.wav,nicolas,2
5_theo_25.wav,theo,5
5_theo_6.wav,theo,5
8_nicolas_35.wav,nicolas,8
1_lucas_39.wav,lucas,1
3_george_40.wav,george,3
0_theo_34.wav,theo,0
8_lucas_41.wav,lucas,8
6_yweweler_47.wav,yweweler,6
1_george_19.wav,george,1
7_jackson_18.wav,jackson,7
8_yweweler_30.wav,yweweler,8
7_yweweler_40.wav,yweweler,7
6_lucas_45.wav,lucas,6
6_theo_27.wav,theo,6
8_yweweler_22.wav,yweweler,8
3_nicolas_8.wav,nicolas,3
3_lucas_5.wav,lucas,3
6_yweweler_33.wav,yweweler,6
0_yweweler_49.wav,yweweler,0
3_theo_8.wav,theo,3
0_theo_39.wav,theo,0
1_lucas_20.wav,lucas,1
2_nicolas_4.wav,nicolas,2
0_yweweler_2.wav,yweweler,0
9_jackson_49.wav,jackson,9
3_nicolas_36.wav,nicolas,3
8_yweweler_24.wav,yweweler,8
7_george_46.wav,george,7
6_lucas_1.wav,lucas,6
0_yweweler_4.wav,yweweler,0
3_jackson_46.wav,jackson,3
5_theo_18.wav,theo,5
6_lucas_17.wav,lucas,6
8_lucas_8.wav,lucas,8
2_jackson_23.wav,jackson,2
6_lucas_4.wav,lucas,6
6_yweweler_31.wav,yweweler,6
8_yweweler_4.wav,yweweler,8
7_theo_23.wav,theo,7
6_yweweler_4.wav,yweweler,6
7_nicolas_24.wav,nicolas,7
6_george_33.wav,george,6
4_yweweler_10.wav,yweweler,4
2_theo_42.wav,theo,2
5_theo_45.wav,theo,5
8_lucas_15.wav,lucas,8
3_theo_3.wav,theo,3
8_jackson_25.wav,jackson,8
9_lucas_29.wav,lucas,9
3_lucas_22.wav,lucas,3
9_jackson_47.wav,jackson,9
2_theo_41.wav,theo,2
6_lucas_48.wav,lucas,6
8_lucas_30.wav,lucas,8
9_jackson_12.wav,jackson,9
6_lucas_41.wav,lucas,6
9_nicolas_36.wav,nicolas,9
4_george_39.wav,george,4
5_jackson_26.wav,jackson,5
1_lucas_35.wav,lucas,1
5_yweweler_44.wav,yweweler,5
7_nicolas_49.wav,nicolas,7
3_jackson_32.wav,jackson,3
2_yweweler_22.wav,yweweler,2
6_theo_41.wav,theo,6
9_theo_8.wav,theo,9
7_yweweler_4.wav,yweweler,7
2_yweweler_12.wav,yweweler,2
2_george_25.wav,george,2
3_theo_15.wav,theo,3
4_george_37.wav,george,4
2_yweweler_19.wav,yweweler,2
6_george_16.wav,george,6
8_lucas_17.wav,lucas,8
7_nicolas_18.wav,nicolas,7
5_theo_24.wav,theo,5
0_george_16.wav,george,0
7_lucas_11.wav,lucas,7
0_theo_30.wav,theo,0
0_jackson_44.wav,jackson,0
8_theo_18.wav,theo,8
8_jackson_10.wav,jackson,8
6_lucas_31.wav,lucas,6
6_yweweler_5.wav,yweweler,6
3_george_18.wav,george,3
4_theo_43.wav,theo,4
8_jackson_37.wav,jackson,8
3_theo_30.wav,theo,3
9_george_35.wav,george,9
6_jackson_37.wav,jackson,6
3_lucas_4.wav,lucas,3
8_nicolas_14.wav,nicolas,8
2_lucas_21.wav,lucas,2
4_george_31.wav,george,4
5_lucas_11.wav,lucas,5
6_jackson_9.wav,jackson,6
9_nicolas_33.wav,nicolas,9
4_lucas_35.wav,lucas,4
9_theo_30.wav,theo,9
0_george_6.wav,george,0
0_jackson_26.wav,jackson,0
5_nicolas_10.wav,nicolas,5
6_lucas_40.wav,lucas,6
7_yweweler_11.wav,yweweler,7
8_nicolas_11.wav,nicolas,8
6_jackson_42.wav,jackson,6
8_george_35.wav,george,8
1_nicolas_33.wav,nicolas,1
5_theo_9.wav,theo,5
2_yweweler_37.wav,yweweler,2
6_yweweler_24.wav,yweweler,6
0_lucas_35.wav,lucas,0
8_lucas_23.wav,lucas,8
2_jackson_39.wav,jackson,2
3_yweweler_28.wav,yweweler,3
1_jackson_49.wav,jackson,1
8_theo_10.wav,theo,8
7_lucas_44.wav,lucas,7
7_lucas_45.wav,lucas,7
9_george_0.wav,george,9
5_yweweler_9.wav,yweweler,5
6_yweweler_36.wav,yweweler,6
1_george_26.wav,george,1
9_george_44.wav,george,9
5_theo_7.wav,theo,5
8_lucas_47.wav,lucas,8
2_george_19.wav,george,2
0_theo_10.wav,theo,0
6_lucas_42.wav,lucas,6
4_theo_16.wav,theo,4
2_george_39.wav,george,2
0_theo_28.wav,theo,0
4_yweweler_8.wav,yweweler,4
1_george_23.wav,george,1
1_nicolas_6.wav,nicolas,1
2_george_14.wav,george,2
3_nicolas_11.wav,nicolas,3
7_george_34.wav,george,7
1_theo_8.wav,theo,1
7_lucas_36.wav,lucas,7
3_jackson_31.wav,jackson,3
2_lucas_7.wav,lucas,2
9_nicolas_14.wav,nicolas,9
2_nicolas_29.wav,nicolas,2
9_theo_35.wav,theo,9
6_jackson_16.wav,jackson,6
7_yweweler_27.wav,yweweler,7
7_nicolas_20.wav,nicolas,7
9_george_46.wav,george,9
9_theo_32.wav,theo,9
0_nicolas_0.wav,nicolas,0
1_theo_31.wav,theo,1
9_nicolas_48.wav,nicolas,9
5_george_7.wav,george,5
4_jackson_30.wav,jackson,4
5_jackson_41.wav,jackson,5
2_nicolas_45.wav,nicolas,2
1_yweweler_25.wav,yweweler,1
4_theo_41.wav,theo,4
8_yweweler_3.wav,yweweler,8
8_theo_39.wav,theo,8
2_george_21.wav,george,2
5_nicolas_26.wav,nicolas,5
6_yweweler_18.wav,yweweler,6
4_george_46.wav,george,4
9_nicolas_41.wav,nicolas,9
1_theo_38.wav,theo,1
4_yweweler_46.wav,yweweler,4
5_jackson_5.wav,jackson,5
7_jackson_29.wav,jackson,7
3_jackson_12.wav,jackson,3
5_yweweler_16.wav,yweweler,5
7_george_32.wav,george,7
2_nicolas_38.wav,nicolas,2
5_lucas_6.wav,lucas,5
4_george_42.wav,george,4
8_george_23.wav,george,8
4_nicolas_12.wav,nicolas,4
0_jackson_9.wav,jackson,0
2_yweweler_42.wav,yweweler,2
6_nicolas_4.wav,nicolas,6
5_yweweler_33.wav,yweweler,5
3_george_2.wav,george,3
1_george_4.wav,george,1
2_nicolas_1.wav,nicolas,2
0_lucas_27.wav,lucas,0
2_george_24.wav,george,2
3_yweweler_22.wav,yweweler,3
9_george_10.wav,george,9
9_george_18.wav,george,9
8_theo_0.wav,theo,8
6_george_13.wav,george,6
4_george_3.wav,george,4
0_george_10.wav,george,0
1_jackson_11.wav,jackson,1
4_yweweler_24.wav,yweweler,4
8_george_36.wav,george,8
2_yweweler_13.wav,yweweler,2
5_nicolas_5.wav,nicolas,5
8_george_17.wav,george,8
2_jackson_14.wav,jackson,2
5_george_9.wav,george,5
7_nicolas_23.wav,nicolas,7
3_theo_33.wav,theo,3
5_theo_46.wav,theo,5
6_jackson_43.wav,jackson,6
7_yweweler_14.wav,yweweler,7
8_jackson_15.wav,jackson,8
4_nicolas_4.wav,nicolas,4
0_george_45.wav,george,0
4_jackson_22.wav,jackson,4
6_jackson_45.wav,jackson,6
6_theo_7.wav,theo,6
3_lucas_9.wav,lucas,3
9_yweweler_30.wav,yweweler,9
9_nicolas_38.wav,nicolas,9
6_nicolas_24.wav,nicolas,6
7_nicolas_33.wav,nicolas,7
1_jackson_6.wav,jackson,1
0_theo_0.wav,theo,0
0_nicolas_4.wav,nicolas,0
5_nicolas_39.wav,nicolas,5
2_yweweler_40.wav,yweweler,2
2_jackson_0.wav,jackson,2
0_yweweler_38.wav,yweweler,0
1_yweweler_49.wav,yweweler,1
8_theo_28.wav,theo,8
1_george_2.wav,george,1
9_jackson_14.wav,jackson,9
2_nicolas_14.wav,nicolas,2
5_nicolas_7.wav,nicolas,5
9_george_15.wav,george,9
3_lucas_16.wav,lucas,3
9_theo_47.wav,theo,9
3_yweweler_11.wav,yweweler,3
1_jackson_33.wav,jackson,1
3_george_28.wav,george,3
0_jackson_28.wav,jackson,0
1_theo_45.wav,theo,1
7_jackson_38.wav,jackson,7
0_lucas_47.wav,lucas,0
4_jackson_5.wav,jackson,4
6_nicolas_7.wav,nicolas,6
5_yweweler_40.wav,yweweler,5
8_lucas_28.wav,lucas,8
0_george_27.wav,george,0
9_lucas_21.wav,lucas,9
1_theo_3.wav,theo,1
7_jackson_17.wav,jackson,7
9_lucas_14.wav,lucas,9
7_theo_13.wav,theo,7
2_george_27.wav,george,2
5_theo_19.wav,theo,5
9_jackson_45.wav,jackson,9
4_lucas_8.wav,lucas,4
2_jackson_29.wav,jackson,2
7_yweweler_13.wav,yweweler,7
5_jackson_15.wav,jackson,5
1_nicolas_2.wav,nicolas,1
2_jackson_6.wav,jackson,2
7_nicolas_36.wav,nicolas,7
4_george_16.wav,george,4
3_nicolas_5.wav,nicolas,3
6_jackson_41.wav,jackson,6
5_george_43.wav,george,5
0_theo_23.wav,theo,0
0_jackson_23.wav,jackson,0
7_yweweler_10.wav,yweweler,7
3_jackson_11.wav,jackson,3
5_lucas_4.wav,lucas,5
7_jackson_44.wav,jackson,7
9_nicolas_17.wav,nicolas,9
7_nicolas_14.wav,nicolas,7
1_yweweler_28.wav,yweweler,1
0_george_47.wav,george,0
2_yweweler_4.wav,yweweler,2
1_jackson_35.wav,jackson,1
8_jackson_33.wav,jackson,8
3_yweweler_16.wav,yweweler,3
1_lucas_28.wav,lucas,1
8_yweweler_43.wav,yweweler,8
2_nicolas_23.wav,nicolas,2
0_lucas_2.wav,lucas,0
4_theo_8.wav,theo,4
2_jackson_24.wav,jackson,2
4_nicolas_14.wav,nicolas,4
9_theo_13.wav,theo,9
4_lucas_42.wav,lucas,4
5_theo_12.wav,theo,5
9_nicolas_18.wav,nicolas,9
8_nicolas_20.wav,nicolas,8
0_george_20.wav,george,0
8_nicolas_44.wav,nicolas,8
8_lucas_7.wav,lucas,8
7_george_43.wav,george,7
7_lucas_17.wav,lucas,7
2_yweweler_46.wav,yweweler,2
5_yweweler_11.wav,yweweler,5
6_theo_29.wav,theo,6
8_george_13.wav,george,8
7_yweweler_42.wav,yweweler,7
4_theo_36.wav,theo,4
0_yweweler_46.wav,yweweler,0
9_yweweler_24.wav,yweweler,9
8_theo_42.wav,theo,8
8_nicolas_10.wav,nicolas,8
1_lucas_21.wav,lucas,1
5_theo_5.wav,theo,5
0_yweweler_26.wav,yweweler,0
2_nicolas_32.wav,nicolas,2
8_george_0.wav,george,8
1_theo_4.wav,theo,1
3_lucas_45.wav,lucas,3
8_george_2.wav,george,8
2_george_10.wav,george,2
2_yweweler_33.wav,yweweler,2
9_yweweler_1.wav,yweweler,9
7_nicolas_41.wav,nicolas,7
4_lucas_49.wav,lucas,4
7_jackson_47.wav,jackson,7
2_george_44.wav,george,2
0_jackson_0.wav,jackson,0
6_george_3.wav,george,6
7_nicolas_15.wav,nicolas,7
9_yweweler_6.wav,yweweler,9
6_nicolas_14.wav,nicolas,6
0_nicolas_6.wav,nicolas,0
6_theo_6.wav,theo,6
4_jackson_42.wav,jackson,4
3_nicolas_26.wav,nicolas,3
7_lucas_33.wav,lucas,7
2_yweweler_35.wav,yweweler,2
0_yweweler_32.wav,yweweler,0
1_yweweler_20.wav,yweweler,1
0_george_19.wav,george,0
7_lucas_18.wav,lucas,7
1_yweweler_45.wav,yweweler,1
4_george_11.wav,george,4
1_nicolas_38.wav,nicolas,1
5_theo_49.wav,theo,5
0_lucas_23.wav,lucas,0
6_lucas_3.wav,lucas,6
6_yweweler_19.wav,yweweler,6
3_lucas_10.wav,lucas,3
9_jackson_42.wav,jackson,9
3_yweweler_15.wav,yweweler,3
3_lucas_1.wav,lucas,3
6_george_5.wav,george,6
7_george_18.wav,george,7
3_nicolas_41.wav,nicolas,3
9_jackson_28.wav,jackson,9
1_theo_23.wav,theo,1
6_lucas_16.wav,lucas,6
7_nicolas_21.wav,nicolas,7
8_george_10.wav,george,8
5_george_25.wav,george,5
3_jackson_3.wav,jackson,3
2_george_37.wav,george,2
2_lucas_23.wav,lucas,2
9_theo_34.wav,theo,9
1_george_16.wav,george,1
1_theo_39.wav,theo,1
1_lucas_34.wav,lucas,1
8_yweweler_40.wav,yweweler,8
8_jackson_4.wav,jackson,8
9_jackson_29.wav,jackson,9
6_george_6.wav,george,6
6_yweweler_1.wav,yweweler,6
7_jackson_23.wav,jackson,7
9_george_17.wav,george,9
6_theo_34.wav,theo,6
1_jackson_36.wav,jackson,1
2_theo_25.wav,theo,2
3_lucas_26.wav,lucas,3
0_yweweler_14.wav,yweweler,0
4_george_28.wav,george,4
3_nicolas_39.wav,nicolas,3
1_nicolas_42.wav,nicolas,1
1_theo_43.wav,theo,1
1_nicolas_23.wav,nicolas,1
3_nicolas_23.wav,nicolas,3
8_theo_12.wav,theo,8
2_theo_34.wav,theo,2
0_nicolas_42.wav,nicolas,0
6_theo_26.wav,theo,6
5_nicolas_11.wav,nicolas,5
3_nicolas_17.wav,nicolas,3
9_yweweler_43.wav,yweweler,9
2_george_16.wav,george,2
5_lucas_18.wav,lucas,5
7_jackson_16.wav,jackson,7
6_jackson_35.wav,jackson,6
6_nicolas_47.wav,nicolas,6
7_theo_4.wav,theo,7
2_lucas_48.wav,lucas,2
4_lucas_48.wav,lucas,4
0_jackson_15.wav,jackson,0
7_theo_42.wav,theo,7
9_lucas_37.wav,lucas,9
9_nicolas_0.wav,nicolas,9
1_theo_6.wav,theo,1
2_theo_26.wav,theo,2
3_lucas_37.wav,lucas,3
7_yweweler_18.wav,yweweler,7
3_george_15.wav,george,3
4_yweweler_41.wav,yweweler,4
5_lucas_27.wav,lucas,5
5_theo_1.wav,theo,5
3_nicolas_7.wav,nicolas,3
4_lucas_27.wav,lucas,4
8_yweweler_32.wav,yweweler,8
1_theo_33.wav,theo,1
1_yweweler_0.wav,yweweler,1
0_george_48.wav,george,0
7_george_22.wav,george,7
4_lucas_34.wav,lucas,4
2_jackson_11.wav,jackson,2
7_yweweler_17.wav,yweweler,7
3_nicolas_46.wav,nicolas,3
9_george_12.wav,george,9
3_theo_34.wav,theo,3
5_jackson_47.wav,jackson,5
2_jackson_44.wav,jackson,2
1_yweweler_39.wav,yweweler,1
0_lucas_44.wav,lucas,0
5_jackson_25.wav,jackson,5
8_lucas_25.wav,lucas,8
5_lucas_17.wav,lucas,5
1_lucas_17.wav,lucas,1
9_lucas_16.wav,lucas,9
5_jackson_7.wav,jackson,5
6_jackson_28.wav,jackson,6
7_lucas_20.wav,lucas,7
1_nicolas_20.wav,nicolas,1
7_theo_7.wav,theo,7
1_george_48.wav,george,1
7_theo_27.wav,theo,7
2_theo_22.wav,theo,2
0_jackson_32.wav,jackson,0
5_nicolas_1.wav,nicolas,5
9_theo_28.wav,theo,9
3_jackson_41.wav,jackson,3
3_jackson_44.wav,jackson,3
7_theo_19.wav,theo,7
9_george_23.wav,george,9
2_lucas_33.wav,lucas,2
4_yweweler_12.wav,yweweler,4
3_jackson_26.wav,jackson,3
2_lucas_5.wav,lucas,2
2_lucas_30.wav,lucas,2
2_jackson_33.wav,jackson,2
7_theo_8.wav,theo,7
4_lucas_17.wav,lucas,4
0_jackson_7.wav,jackson,0
3_lucas_0.wav,lucas,3
0_yweweler_40.wav,yweweler,0
0_nicolas_45.wav,nicolas,0
6_yweweler_39.wav,yweweler,6
5_theo_21.wav,theo,5
7_lucas_37.wav,lucas,7
8_george_16.wav,george,8
7_yweweler_15.wav,yweweler,7
7_yweweler_46.wav,yweweler,7
0_nicolas_7.wav,nicolas,0
0_nicolas_14.wav,nicolas,0
8_jackson_24.wav,jackson,8
1_jackson_29.wav,jackson,1
1_nicolas_30.wav,nicolas,1
2_nicolas_33.wav,nicolas,2
9_jackson_22.wav,jackson,9
7_nicolas_45.wav,nicolas,7
1_lucas_0.wav,lucas,1
6_lucas_35.wav,lucas,6
1_nicolas_18.wav,nicolas,1
2_george_18.wav,george,2
6_george_48.wav,george,6
3_lucas_7.wav,lucas,3
9_jackson_10.wav,jackson,9
6_yweweler_30.wav,yweweler,6
8_lucas_46.wav,lucas,8
2_george_7.wav,george,2
3_lucas_49.wav,lucas,3
6_jackson_40.wav,jackson,6
5_lucas_26.wav,lucas,5
7_theo_3.wav,theo,7
1_yweweler_9.wav,yweweler,1
3_theo_13.wav,theo,3
4_george_41.wav,george,4
8_theo_24.wav,theo,8
4_theo_0.wav,theo,4
4_theo_2.wav,theo,4
2_nicolas_30.wav,nicolas,2
9_theo_46.wav,theo,9
0_nicolas_5.wav,nicolas,0
4_george_35.wav,george,4
7_theo_33.wav,theo,7
8_jackson_13.wav,jackson,8
0_theo_22.wav,theo,0
6_nicolas_10.wav,nicolas,6
5_lucas_2.wav,lucas,5
1_theo_7.wav,theo,1
4_lucas_18.wav,lucas,4
2_lucas_49.wav,lucas,2
9_george_16.wav,george,9
4_theo_20.wav,theo,4
5_nicolas_30.wav,nicolas,5
5_nicolas_48.wav,nicolas,5
1_george_5.wav,george,1
7_lucas_35.wav,lucas,7
3_nicolas_2.wav,nicolas,3
6_george_49.wav,george,6
0_yweweler_11.wav,yweweler,0
2_george_5.wav,george,2
5_nicolas_24.wav,nicolas,5
0_jackson_33.wav,jackson,0
9_yweweler_14.wav,yweweler,9
0_theo_9.wav,theo,0
3_theo_31.wav,theo,3
8_jackson_28.wav,jackson,8
0_george_38.wav,george,0
3_yweweler_12.wav,yweweler,3
3_nicolas_15.wav,nicolas,3
4_yweweler_5.wav,yweweler,4
7_george_38.wav,george,7
4_theo_9.wav,theo,4
3_theo_43.wav,theo,3
7_jackson_42.wav,jackson,7
2_lucas_41.wav,lucas,2
3_yweweler_37.wav,yweweler,3
8_george_34.wav,george,8
9_theo_26.wav,theo,9
5_george_23.wav,george,5
9_george_11.wav,george,9
4_jackson_10.wav,jackson,4
6_yweweler_25.wav,yweweler,6
5_theo_43.wav,theo,5
4_nicolas_20.wav,nicolas,4
2_theo_5.wav,theo,2
9_jackson_5.wav,jackson,9
9_yweweler_37.wav,yweweler,9
5_yweweler_31.wav,yweweler,5
5_lucas_42.wav,lucas,5
9_jackson_20.wav,jackson,9
6_nicolas_39.wav,nicolas,6
7_george_47.wav,george,7
8_jackson_48.wav,jackson,8
4_lucas_15.wav,lucas,4
8_nicolas_32.wav,nicolas,8
2_jackson_43.wav,jackson,2
4_nicolas_6.wav,nicolas,4
0_jackson_14.wav,jackson,0
8_nicolas_3.wav,nicolas,8
4_yweweler_25.wav,yweweler,4
2_lucas_8.wav,lucas,2
1_george_28.wav,george,1
1_nicolas_24.wav,nicolas,1
4_lucas_13.wav,lucas,4
0_theo_24.wav,theo,0
7_theo_45.wav,theo,7
4_theo_3.wav,theo,4
6_yweweler_11.wav,yweweler,6
8_theo_7.wav,theo,8
1_nicolas_17.wav,nicolas,1
9_lucas_24.wav,lucas,9
8_theo_27.wav,theo,8
2_jackson_32.wav,jackson,2
7_yweweler_1.wav,yweweler,7
1_nicolas_19.wav,nicolas,1
9_lucas_40.wav,lucas,9
8_george_18.wav,george,8
1_yweweler_27.wav,yweweler,1
9_jackson_23.wav,jackson,9
8_theo_48.wav,theo,8
9_jackson_44.wav,jackson,9
6_lucas_32.wav,lucas,6
0_yweweler_0.wav,yweweler,0
7_jackson_22.wav,jackson,7
3_nicolas_28.wav,nicolas,3
6_george_35.wav,george,6
9_nicolas_11.wav,nicolas,9
7_george_10.wav,george,7
0_nicolas_25.wav,nicolas,0
9_theo_38.wav,theo,9
6_lucas_36.wav,lucas,6
3_theo_22.wav,theo,3
5_george_10.wav,george,5
8_yweweler_13.wav,yweweler,8
4_lucas_44.wav,lucas,4
6_nicolas_18.wav,nicolas,6
5_nicolas_9.wav,nicolas,5
9_theo_5.wav,theo,9
2_lucas_19.wav,lucas,2
2_lucas_28.wav,lucas,2
7_yweweler_47.wav,yweweler,7
4_theo_7.wav,theo,4
2_george_43.wav,george,2
9_theo_43.wav,theo,9
9_lucas_8.wav,lucas,9
6_george_20.wav,george,6
2_george_1.wav,george,2
1_lucas_22.wav,lucas,1
8_yweweler_11.wav,yweweler,8
3_yweweler_14.wav,yweweler,3
4_yweweler_15.wav,yweweler,4
6_yweweler_8.wav,yweweler,6
8_george_31.wav,george,8
9_yweweler_7.wav,yweweler,9
6_jackson_24.wav,jackson,6
5_nicolas_20.wav,nicolas,5
6_jackson_2.wav,jackson,6
1_jackson_39.wav,jackson,1
8_theo_3.wav,theo,8
1_yweweler_19.wav,yweweler,1
7_yweweler_39.wav,yweweler,7
9_yweweler_20.wav,yweweler,9
8_yweweler_48.wav,yweweler,8
7_theo_36.wav,theo,7
8_theo_31.wav,theo,8
9_lucas_35.wav,lucas,9
2_nicolas_8.wav,nicolas,2
1_nicolas_13.wav,nicolas,1
5_yweweler_22.wav,yweweler,5
2_lucas_37.wav,lucas,2
5_lucas_34.wav,lucas,5
7_nicolas_37.wav,nicolas,7
8_yweweler_6.wav,yweweler,8
1_yweweler_12.wav,yweweler,1
3_george_21.wav,george,3
9_nicolas_49.wav,nicolas,9
9_jackson_35.wav,jackson,9
6_nicolas_5.wav,nicolas,6
6_nicolas_9.wav,nicolas,6
5_theo_38.wav,theo,5
0_george_3.wav,george,0
1_nicolas_41.wav,nicolas,1
1_nicolas_26.wav,nicolas,1
5_george_41.wav,george,5
0_nicolas_49.wav,nicolas,0
9_yweweler_11.wav,yweweler,9
9_yweweler_18.wav,yweweler,9
2_yweweler_30.wav,yweweler,2
1_jackson_13.wav,jackson,1
9_george_13.wav,george,9
9_theo_36.wav,theo,9
4_george_8.wav,george,4
4_yweweler_0.wav,yweweler,4
0_nicolas_39.wav,nicolas,0
1_jackson_16.wav,jackson,1
0_nicolas_33.wav,nicolas,0
8_george_37.wav,george,8
3_george_37.wav,george,3
7_george_48.wav,george,7
7_nicolas_47.wav,nicolas,7
7_george_23.wav,george,7
7_george_28.wav,george,7
4_george_0.wav,george,4
6_lucas_25.wav,lucas,6
5_nicolas_0.wav,nicolas,5
3_george_6.wav,george,3
8_nicolas_36.wav,nicolas,8
0_yweweler_42.wav,yweweler,0
9_yweweler_27.wav,yweweler,9
9_jackson_24.wav,jackson,9
6_theo_45.wav,theo,6
3_nicolas_21.wav,nicolas,3
5_jackson_13.wav,jackson,5
4_nicolas_9.wav,nicolas,4
7_jackson_25.wav,jackson,7
4_george_20.wav,george,4
8_nicolas_43.wav,nicolas,8
0_nicolas_15.wav,nicolas,0
9_yweweler_34.wav,yweweler,9
7_lucas_34.wav,lucas,7
6_george_39.wav,george,6
2_nicolas_5.wav,nicolas,2
0_yweweler_29.wav,yweweler,0
4_lucas_3.wav,lucas,4
6_lucas_0.wav,lucas,6
2_lucas_13.wav,lucas,2
2_george_26.wav,george,2
6_theo_37.wav,theo,6
4_lucas_21.wav,lucas,4
9_yweweler_29.wav,yweweler,9
7_jackson_32.wav,jackson,7
1_theo_25.wav,theo,1
0_theo_8.wav,theo,0
6_theo_15.wav,theo,6
4_theo_1.wav,theo,4
9_george_33.wav,george,9
5_yweweler_41.wav,yweweler,5
4_nicolas_10.wav,nicolas,4
5_nicolas_22.wav,nicolas,5
9_nicolas_30.wav,nicolas,9
8_jackson_20.wav,jackson,8
8_nicolas_48.wav,nicolas,8
7_yweweler_34.wav,yweweler,7
1_theo_16.wav,theo,1
8_theo_46.wav,theo,8
3_nicolas_31.wav,nicolas,3
9_jackson_46.wav,jackson,9
3_lucas_48.wav,lucas,3
4_nicolas_48.wav,nicolas,4
8_jackson_9.wav,jackson,8
3_lucas_13.wav,lucas,3
7_jackson_11.wav,jackson,7
5_yweweler_17.wav,yweweler,5
8_nicolas_45.wav,nicolas,8
6_george_32.wav,george,6
4_lucas_24.wav,lucas,4
4_yweweler_47.wav,yweweler,4
4_nicolas_8.wav,nicolas,4
6_yweweler_44.wav,yweweler,6
2_george_47.wav,george,2
7_lucas_7.wav,lucas,7
0_nicolas_47.wav,nicolas,0
0_jackson_31.wav,jackson,0
6_george_36.wav,george,6
1_theo_28.wav,theo,1
1_theo_46.wav,theo,1
4_theo_24.wav,theo,4
8_lucas_36.wav,lucas,8
2_lucas_47.wav,lucas,2
4_george_26.wav,george,4
2_george_32.wav,george,2
4_yweweler_19.wav,yweweler,4
4_jackson_36.wav,jackson,4
7_nicolas_19.wav,nicolas,7
6_theo_24.wav,theo,6
8_george_11.wav,george,8
0_theo_1.wav,theo,0
6_george_2.wav,george,6
1_theo_40.wav,theo,1
1_nicolas_27.wav,nicolas,1
7_jackson_30.wav,jackson,7
3_george_20.wav,george,3
0_lucas_30.wav,lucas,0
9_lucas_33.wav,lucas,9
9_theo_6.wav,theo,9
1_theo_9.wav,theo,1
5_george_22.wav,george,5
2_nicolas_28.wav,nicolas,2
3_lucas_23.wav,lucas,3
1_nicolas_8.wav,nicolas,1
0_jackson_13.wav,jackson,0
1_yweweler_18.wav,yweweler,1
8_nicolas_6.wav,nicolas,8
6_nicolas_29.wav,nicolas,6
4_nicolas_31.wav,nicolas,4
2_george_28.wav,george,2
6_yweweler_40.wav,yweweler,6
1_theo_22.wav,theo,1
6_theo_9.wav,theo,6
7_jackson_45.wav,jackson,7
3_theo_21.wav,theo,3
1_george_39.wav,george,1
1_nicolas_40.wav,nicolas,1
1_george_0.wav,george,1
3_yweweler_25.wav,yweweler,3
9_jackson_25.wav,jackson,9
1_george_8.wav,george,1
2_nicolas_0.wav,nicolas,2
4_yweweler_11.wav,yweweler,4
3_george_46.wav,george,3
7_yweweler_45.wav,yweweler,7
8_yweweler_7.wav,yweweler,8
3_george_49.wav,george,3
5_jackson_31.wav,jackson,5
8_theo_37.wav,theo,8
0_lucas_21.wav,lucas,0
5_yweweler_48.wav,yweweler,5
2_yweweler_28.wav,yweweler,2
1_theo_12.wav,theo,1
2_yweweler_10.wav,yweweler,2
4_nicolas_41.wav,nicolas,4
0_theo_2.wav,theo,0
0_nicolas_20.wav,nicolas,0
1_jackson_42.wav,jackson,1
4_george_49.wav,george,4
3_yweweler_44.wav,yweweler,3
3_jackson_10.wav,jackson,3
4_yweweler_48.wav,yweweler,4
0_george_40.wav,george,0
7_nicolas_27.wav,nicolas,7
1_lucas_40.wav,lucas,1
1_nicolas_37.wav,nicolas,1
3_lucas_42.wav,lucas,3
2_lucas_46.wav,lucas,2
5_jackson_18.wav,jackson,5
6_lucas_8.wav,lucas,6
5_yweweler_37.wav,yweweler,5
5_theo_37.wav,theo,5
6_george_4.wav,george,6
6_theo_38.wav,theo,6
1_nicolas_9.wav,nicolas,1
5_nicolas_4.wav,nicolas,5
4_jackson_11.wav,jackson,4
0_george_49.wav,george,0
1_lucas_1.wav,lucas,1
3_jackson_49.wav,jackson,3
6_lucas_15.wav,lucas,6
9_george_32.wav,george,9
4_lucas_20.wav,lucas,4
9_jackson_26.wav,jackson,9
9_theo_21.wav,theo,9
7_lucas_46.wav,lucas,7
8_yweweler_33.wav,yweweler,8
9_george_8.wav,george,9
5_theo_20.wav,theo,5
6_george_27.wav,george,6
2_jackson_18.wav,jackson,2
4_george_1.wav,george,4
4_yweweler_6.wav,yweweler,4
4_lucas_37.wav,lucas,4
0_lucas_12.wav,lucas,0
2_george_34.wav,george,2
1_jackson_20.wav,jackson,1
5_nicolas_3.wav,nicolas,5
4_jackson_4.wav,jackson,4
2_yweweler_3.wav,yweweler,2
9_jackson_32.wav,jackson,9
3_jackson_9.wav,jackson,3
6_george_44.wav,george,6
6_yweweler_49.wav,yweweler,6
0_lucas_31.wav,lucas,0
8_theo_14.wav,theo,8
8_theo_17.wav,theo,8
9_lucas_19.wav,lucas,9
1_lucas_5.wav,lucas,1
7_yweweler_2.wav,yweweler,7
1_jackson_43.wav,jackson,1
2_yweweler_14.wav,yweweler,2
9_jackson_30.wav,jackson,9
0_george_43.wav,george,0
8_george_6.wav,george,8
9_theo_20.wav,theo,9
1_nicolas_31.wav,nicolas,1
7_lucas_30.wav,lucas,7
8_george_25.wav,george,8
4_theo_33.wav,theo,4
4_yweweler_40.wav,yweweler,4
8_jackson_30.wav,jackson,8
0_george_30.wav,george,0
3_lucas_15.wav,lucas,3
5_yweweler_4.wav,yweweler,5
8_george_43.wav,george,8
4_jackson_15.wav,jackson,4
7_jackson_3.wav,jackson,7
6_theo_11.wav,theo,6
0_george_13.wav,george,0
2_jackson_30.wav,jackson,2
2_lucas_44.wav,lucas,2
6_george_12.wav,george,6
2_jackson_37.wav,jackson,2
0_yweweler_8.wav,yweweler,0
6_george_45.wav,george,6
0_yweweler_31.wav,yweweler,0
5_george_24.wav,george,5
1_theo_1.wav,theo,1
4_theo_6.wav,theo,4
6_nicolas_30.wav,nicolas,6
9_george_40.wav,george,9
0_theo_5.wav,theo,0
2_jackson_7.wav,jackson,2
9_nicolas_35.wav,nicolas,9
2_george_49.wav,george,2
4_yweweler_43.wav,yweweler,4
4_lucas_40.wav,lucas,4
0_jackson_8.wav,jackson,0
4_george_33.wav,george,4
8_lucas_45.wav,lucas,8
8_yweweler_36.wav,yweweler,8
5_yweweler_18.wav,yweweler,5
5_nicolas_34.wav,nicolas,5
7_yweweler_48.wav,yweweler,7
0_yweweler_3.wav,yweweler,0
9_theo_1.wav,theo,9
8_george_26.wav,george,8
7_jackson_1.wav,jackson,7
3_theo_37.wav,theo,3
8_nicolas_29.wav,nicolas,8
8_lucas_40.wav,lucas,8
6_jackson_17.wav,jackson,6
3_nicolas_37.wav,nicolas,3
3_george_11.wav,george,3
9_lucas_36.wav,lucas,9
1_jackson_41.wav,jackson,1
5_yweweler_20.wav,yweweler,5
8_yweweler_31.wav,yweweler,8
9_nicolas_45.wav,nicolas,9
4_george_15.wav,george,4
0_theo_4.wav,theo,0
6_theo_10.wav,theo,6
8_jackson_11.wav,jackson,8
3_theo_26.wav,theo,3
7_yweweler_22.wav,yweweler,7
7_lucas_40.wav,lucas,7
7_yweweler_0.wav,yweweler,7
4_theo_5.wav,theo,4
4_theo_17.wav,theo,4
9_jackson_2.wav,jackson,9
4_george_21.wav,george,4
2_theo_23.wav,theo,2
8_lucas_14.wav,lucas,8
3_yweweler_9.wav,yweweler,3
1_lucas_37.wav,lucas,1
1_george_25.wav,george,1
6_nicolas_22.wav,nicolas,6
0_yweweler_43.wav,yweweler,0
8_george_49.wav,george,8
1_yweweler_26.wav,yweweler,1
7_lucas_49.wav,lucas,7
0_nicolas_16.wav,nicolas,0
5_george_37.wav,george,5
3_theo_39.wav,theo,3
1_lucas_41.wav,lucas,1
3_lucas_33.wav,lucas,3
3_george_36.wav,george,3
3_theo_42.wav,theo,3
6_jackson_32.wav,jackson,6
5_nicolas_25.wav,nicolas,5
0_theo_13.wav,theo,0
0_yweweler_25.wav,yweweler,0
2_theo_3.wav,theo,2
1_lucas_15.wav,lucas,1
1_yweweler_10.wav,yweweler,1
2_jackson_41.wav,jackson,2
1_theo_30.wav,theo,1
1_jackson_5.wav,jackson,1
8_nicolas_7.wav,nicolas,8
3_theo_18.wav,theo,3
4_lucas_47.wav,lucas,4
4_jackson_0.wav,jackson,4
6_yweweler_27.wav,yweweler,6
4_yweweler_39.wav,yweweler,4
5_george_30.wav,george,5
6_theo_31.wav,theo,6
7_theo_28.wav,theo,7
6_yweweler_2.wav,yweweler,6
6_jackson_8.wav,jackson,6
5_george_3.wav,george,5
4_theo_14.wav,theo,4
5_george_11.wav,george,5
7_george_25.wav,george,7
2_lucas_24.wav,lucas,2
8_jackson_3.wav,jackson,8
2_nicolas_40.wav,nicolas,2
6_nicolas_17.wav,nicolas,6
8_george_29.wav,george,8
8_jackson_41.wav,jackson,8
2_george_30.wav,george,2
5_theo_14.wav,theo,5
7_jackson_10.wav,jackson,7
1_george_27.wav,george,1
6_theo_1.wav,theo,6
5_lucas_5.wav,lucas,5
1_lucas_49.wav,lucas,1
9_lucas_46.wav,lucas,9
4_theo_15.wav,theo,4
7_george_15.wav,george,7
6_lucas_12.wav,lucas,6
5_yweweler_15.wav,yweweler,5
6_george_25.wav,george,6
7_yweweler_35.wav,yweweler,7
4_nicolas_23.wav,nicolas,4
1_lucas_33.wav,lucas,1
0_jackson_24.wav,jackson,0
1_george_46.wav,george,1
0_george_12.wav,george,0
6_george_47.wav,george,6
7_yweweler_6.wav,yweweler,7
6_george_30.wav,george,6
5_theo_47.wav,theo,5
8_jackson_17.wav,jackson,8
4_jackson_7.wav,jackson,4
2_theo_16.wav,theo,2
5_nicolas_44.wav,nicolas,5
6_george_46.wav,george,6
3_theo_27.wav,theo,3
2_lucas_32.wav,lucas,2
0_jackson_49.wav,jackson,0
8_theo_1.wav,theo,8
9_theo_2.wav,theo,9
7_george_42.wav,george,7
9_george_7.wav,george,9
9_george_43.wav,george,9
1_yweweler_5.wav,yweweler,1
7_nicolas_30.wav,nicolas,7
4_jackson_44.wav,jackson,4
0_jackson_16.wav,jackson,0
0_yweweler_30.wav,yweweler,0
1_lucas_44.wav,lucas,1
2_jackson_19.wav,jackson,2
1_jackson_25.wav,jackson,1
9_nicolas_39.wav,nicolas,9
4_george_5.wav,george,4
3_theo_9.wav,theo,3
0_lucas_11.wav,lucas,0
5_nicolas_27.wav,nicolas,5
5_yweweler_49.wav,yweweler,5
0_nicolas_40.wav,nicolas,0
2_theo_24.wav,theo,2
1_george_3.wav,george,1
6_yweweler_34.wav,yweweler,6
1_lucas_23.wav,lucas,1
4_yweweler_18.wav,yweweler,4
7_george_2.wav,george,7
5_yweweler_19.wav,yweweler,5
3_jackson_18.wav,jackson,3
4_yweweler_32.wav,yweweler,4
8_theo_11.wav,theo,8
7_theo_0.wav,theo,7
6_george_23.wav,george,6
4_theo_27.wav,theo,4
4_jackson_29.wav,jackson,4
2_lucas_25.wav,lucas,2
6_theo_21.wav,theo,6
4_yweweler_44.wav,yweweler,4
6_george_43.wav,george,6
0_lucas_37.wav,lucas,0
7_theo_38.wav,theo,7
3_jackson_5.wav,jackson,3
2_nicolas_44.wav,nicolas,2
1_lucas_12.wav,lucas,1
8_jackson_22.wav,jackson,8
7_yweweler_33.wav,yweweler,7
9_nicolas_5.wav,nicolas,9
2_yweweler_9.wav,yweweler,2
7_theo_49.wav,theo,7
6_jackson_36.wav,jackson,6
6_jackson_22.wav,jackson,6
6_theo_2.wav,theo,6
4_lucas_7.wav,lucas,4
3_yweweler_31.wav,yweweler,3
8_jackson_26.wav,jackson,8
9_george_48.wav,george,9
7_nicolas_46.wav,nicolas,7
3_theo_28.wav,theo,3
8_lucas_31.wav,lucas,8
7_george_45.wav,george,7
8_yweweler_0.wav,yweweler,8
0_george_41.wav,george,0
1_lucas_11.wav,lucas,1
4_jackson_20.wav,jackson,4
9_nicolas_37.wav,nicolas,9
5_lucas_43.wav,lucas,5
6_george_31.wav,george,6
2_theo_19.wav,theo,2
8_lucas_20.wav,lucas,8
6_theo_48.wav,theo,6
0_nicolas_22.wav,nicolas,0
7_theo_10.wav,theo,7
1_theo_47.wav,theo,1
3_theo_14.wav,theo,3
0_lucas_25.wav,lucas,0
9_lucas_17.wav,lucas,9
1_yweweler_43.wav,yweweler,1
5_jackson_11.wav,jackson,5
5_jackson_30.wav,jackson,5
5_theo_42.wav,theo,5
5_yweweler_39.wav,yweweler,5
2_lucas_39.wav,lucas,2
7_theo_14.wav,theo,7
8_george_33.wav,george,8
9_lucas_6.wav,lucas,9
8_jackson_42.wav,jackson,8
1_theo_5.wav,theo,1
3_theo_48.wav,theo,3
3_nicolas_27.wav,nicolas,3
5_george_33.wav,george,5
6_lucas_19.wav,lucas,6
8_george_22.wav,george,8
2_jackson_16.wav,jackson,2
4_nicolas_29.wav,nicolas,4
1_theo_42.wav,theo,1
2_yweweler_38.wav,yweweler,2
6_yweweler_12.wav,yweweler,6
0_lucas_32.wav,lucas,0
7_jackson_41.wav,jackson,7
3_yweweler_43.wav,yweweler,3
1_george_38.wav,george,1
4_jackson_12.wav,jackson,4
3_george_23.wav,george,3
1_lucas_29.wav,lucas,1
3_theo_10.wav,theo,3
7_jackson_24.wav,jackson,7
3_lucas_43.wav,lucas,3
0_nicolas_28.wav,nicolas,0
7_george_16.wav,george,7
6_theo_17.wav,theo,6
2_lucas_38.wav,lucas,2
0_jackson_45.wav,jackson,0
5_lucas_38.wav,lucas,5
5_lucas_24.wav,lucas,5
2_theo_18.wav,theo,2
8_theo_41.wav,theo,8
0_yweweler_39.wav,yweweler,0
8_jackson_8.wav,jackson,8
5_jackson_49.wav,jackson,5
9_lucas_20.wav,lucas,9
2_jackson_13.wav,jackson,2
6_lucas_33.wav,lucas,6
5_theo_44.wav,theo,5
7_jackson_13.wav,jackson,7
3_theo_36.wav,theo,3
1_george_47.wav,george,1
8_george_38.wav,george,8
9_theo_18.wav,theo,9
5_george_48.wav,george,5
5_nicolas_2.wav,nicolas,5
0_nicolas_41.wav,nicolas,0
2_theo_40.wav,theo,2
1_lucas_36.wav,lucas,1
7_lucas_3.wav,lucas,7
9_nicolas_24.wav,nicolas,9
3_george_14.wav,george,3
6_theo_42.wav,theo,6
3_jackson_13.wav,jackson,3
0_lucas_6.wav,lucas,0
6_theo_14.wav,theo,6
2_jackson_38.wav,jackson,2
7_theo_39.wav,theo,7
3_jackson_38.wav,jackson,3
4_lucas_5.wav,lucas,4
0_nicolas_27.wav,nicolas,0
0_jackson_43.wav,jackson,0
4_yweweler_35.wav,yweweler,4
8_lucas_21.wav,lucas,8
6_jackson_18.wav,jackson,6
1_jackson_2.wav,jackson,1
7_theo_40.wav,theo,7
2_jackson_2.wav,jackson,2
4_nicolas_21.wav,nicolas,4
4_lucas_46.wav,lucas,4
9_george_24.wav,george,9
9_lucas_7.wav,lucas,9
9_theo_19.wav,theo,9
5_nicolas_45.wav,nicolas,5
4_theo_35.wav,theo,4
0_george_24.wav,george,0
9_george_21.wav,george,9
5_jackson_39.wav,jackson,5
6_nicolas_2.wav,nicolas,6
7_lucas_42.wav,lucas,7
9_george_22.wav,george,9
9_george_14.wav,george,9
3_nicolas_0.wav,nicolas,3
4_nicolas_27.wav,nicolas,4
9_george_2.wav,george,9
2_nicolas_15.wav,nicolas,2
5_lucas_49.wav,lucas,5
7_nicolas_31.wav,nicolas,7
6_lucas_44.wav,lucas,6
3_george_16.wav,george,3
2_lucas_34.wav,lucas,2
6_george_42.wav,george,6
3_george_5.wav,george,3
3_george_31.wav,george,3
0_jackson_17.wav,jackson,0
3_yweweler_38.wav,yweweler,3
0_nicolas_21.wav,nicolas,0
8_lucas_37.wav,lucas,8
8_george_48.wav,george,8
1_theo_48.wav,theo,1
7_lucas_38.wav,lucas,7
2_theo_47.wav,theo,2
7_nicolas_5.wav,nicolas,7
2_lucas_45.wav,lucas,2
4_lucas_1.wav,lucas,4
5_george_26.wav,george,5
3_george_34.wav,george,3
0_yweweler_47.wav,yweweler,0
8_theo_9.wav,theo,8
1_george_35.wav,george,1
8_yweweler_42.wav,yweweler,8
